rank	region_id	chrom	interior_start	interior_end	interior_Mb	lcr_kb	identity	propensity_X	n_genes	n_disease	n_HI3	HI_genes	known_syndrome	omim_examples
1	NAHR_02742_chrX_48M	chrX	48375801	52639436	4.26	85.9	0.9620	4.746	106	27	7	PORCN,EBP,WAS,PQBP1,SLC35A2,WDR45,CLCN5		FTSJ1=HP:0000718:Aggressive behavior
2	NAHR_02480_chr7_150M	chr7	150036952	154057298	4.02	108.2	0.9842	4.955	79	22	2	KCNH2,KMT2C		
3	NAHR_02482_chr7_150M	chr7	150263791	153705617	3.44	120.1	0.9834	4.995	73	21	2	KCNH2,KMT2C		
4	NAHR_01380_chr17_15M	chr17	15880697	20637828	4.76	60.8	0.9861	4.717	169	22	2	FLCN,RAI1	17p11.2 Smith-Magenis/PTLS	ZSWIM7=HP:0008684:Aplasia/hypoplasia of the uterus;TTC19=HP:0001251:Ataxia
5	NAHR_00620_chr11_67M	chr11	67937460	71659150	3.72	98.9	0.9704	4.847	89	20	2	KMT5B,SHANK2		UNC93B1=HP:0002384:Focal impaired awareness seizure;NDUFS8=HP:0001251:Ataxia
6	NAHR_01382_chr17_16M	chr17	16813672	20316336	3.50	126.9	0.9870	5.037	124	17	2	FLCN,RAI1	17p11.2 Smith-Magenis/PTLS	
7	NAHR_02483_chr7_150M	chr7	150306674	152803237	2.50	42.8	0.9875	4.574	70	21	2	KCNH2,KMT2C		
8	NAHR_02479_chr7_149M	chr7	149930483	152762380	2.83	40.8	0.9850	4.542	73	21	2	KCNH2,KMT2C		
9	NAHR_02276_chr5_176M	chr5	176131669	177706497	1.57	211.1	0.9924	5.284	57	11	2	NSD1,DDX41	5q35 Sotos	
10	NAHR_01375_chr17_15M	chr17	15756337	18628600	2.87	89.8	0.9853	4.880	100	15	2	FLCN,RAI1	17p11.2 Smith-Magenis/PTLS	
11	NAHR_01377_chr17_15M	chr17	15811074	20588206	4.78	28.0	0.9841	4.377	170	22	2	FLCN,RAI1	17p11.2 Smith-Magenis/PTLS	ZSWIM7=HP:0008684:Aplasia/hypoplasia of the uterus;TTC19=HP:0001251:Ataxia
12	NAHR_01386_chr17_16M	chr17	16853797	20491963	3.64	35.8	0.9887	4.502	125	17	2	FLCN,RAI1	17p11.2 Smith-Magenis/PTLS	TNFRSF13B=HP:0000403:Recurrent otitis media
13	NAHR_02281_chr5_176M	chr5	176301975	177620793	1.32	95.4	0.9810	4.885	50	11	2	NSD1,DDX41	5q35 Sotos	
14	NAHR_01609_chr19_47M	chr19	47957114	50091196	2.13	50.3	0.9826	4.619	142	33	1	PRR12		
15	NAHR_01385_chr17_16M	chr17	16813672	18502051	1.69	66.1	0.9890	4.768	64	10	2	FLCN,RAI1	17p11.2 Smith-Magenis/PTLS	
16	NAHR_01381_chr17_16M	chr17	16703485	20883174	4.18	24.1	0.9654	4.230	152	17	2	FLCN,RAI1	17p11.2 Smith-Magenis/PTLS	
17	NAHR_01383_chr17_16M	chr17	16744726	18570603	1.83	55.1	0.9891	4.689	73	10	2	FLCN,RAI1	17p11.2 Smith-Magenis/PTLS	
18	NAHR_02277_chr5_176M	chr5	176094829	178003953	1.91	36.6	0.9880	4.508	66	12	2	NSD1,DDX41	5q35 Sotos	
19	NAHR_01387_chr17_16M	chr17	16853797	18418949	1.57	35.8	0.9892	4.505	53	10	2	FLCN,RAI1	17p11.2 Smith-Magenis/PTLS	TNFRSF13B=HP:0000403:Recurrent otitis media
20	NAHR_02375_chr7_73M	chr7	73085896	75279452	2.19	227.6	0.9840	5.271	50	21	1	ELN	7q11.23 Williams-Beuren	
21	NAHR_01390_chr17_16M	chr17	16899801	20626553	3.73	14.7	0.9525	3.969	134	17	2	FLCN,RAI1	17p11.2 Smith-Magenis/PTLS	TNFRSF13B=HP:0000403:Recurrent otitis media
22	NAHR_01388_chr17_16M	chr17	16864176	20563257	3.70	11.4	0.9663	3.921	132	17	2	FLCN,RAI1	17p11.2 Smith-Magenis/PTLS	TNFRSF13B=HP:0000403:Recurrent otitis media
23	NAHR_01384_chr17_16M	chr17	16717399	18823787	2.11	24.2	0.9857	4.321	81	10	2	FLCN,RAI1	17p11.2 Smith-Magenis/PTLS	
24	NAHR_02383_chr7_73M	chr7	73112058	77011520	3.90	47.1	0.9833	4.595	86	26	1	ELN	7q11.23 Williams-Beuren	
25	NAHR_01570_chr17_60M	chr17	60221224	62277796	2.06	20.7	0.9876	4.262	27	10	2	TBX4,BRIP1		
26	NAHR_01567_chr17_60M	chr17	60021089	62262567	2.24	15.1	0.9870	4.125	35	11	2	TBX4,BRIP1		
27	NAHR_02387_chr7_73M	chr7	73280573	75111961	1.83	88.0	0.9956	4.922	42	21	1	ELN	7q11.23 Williams-Beuren	FKBP6=HP:0000960:Sacral dimple;BAZ1B=HP:0000960:Sacral dimple
28	NAHR_02386_chr7_73M	chr7	73280573	74728173	1.45	105.5	0.9954	5.000	34	19	1	ELN	7q11.23 Williams-Beuren	FKBP6=HP:0000960:Sacral dimple;BAZ1B=HP:0000960:Sacral dimple
29	NAHR_02374_chr7_72M	chr7	72882814	76528357	3.65	24.3	0.9787	4.293	90	26	1	ELN	7q11.23 Williams-Beuren	
30	NAHR_02280_chr5_176M	chr5	176201675	177936752	1.74	9.1	0.9861	3.905	57	11	2	NSD1,DDX41	5q35 Sotos	
31	NAHR_02380_chr7_73M	chr7	73035169	74869959	1.83	50.2	0.9934	4.670	45	21	1	ELN	7q11.23 Williams-Beuren	
32	NAHR_01124_chr16_28M	chr16	28363510	30225596	1.86	20.6	0.9808	4.231	117	26	1	PRRT2	16p11.2 autism	
33	NAHR_02015_chr22_20M	chr22	20699044	24649749	3.95	11.9	0.9629	3.926	138	29	1	SMARCB1	22q11.2 DiGeorge/VCFS	PI4KA=HP:0007359:Focal-onset seizure;SERPIND1=HP:0005521:Disseminated intravascular coagulation;SNAP29=HP:0000504:Abnormality of vision
34	NAHR_02847_chrX_154M	chrX	154890327	155376505	0.49	9.5	0.9983	3.973	11	8	2	F8,RAB39B		F8=HP:0100309:Subdural hemorrhage
35	NAHR_01132_chr16_28M	chr16	28471892	30225596	1.75	15.1	0.9812	4.101	114	26	1	PRRT2	16p11.2 autism	CLN3=HP:0000709:Psychosis
36	NAHR_02115_chr22_29M	chr22	29409561	32151565	2.74	6.9	0.9760	3.747	88	11	2	NF2,DEPDC5		NEFH=HP:0012473:Tongue atrophy
37	NAHR_02373_chr7_72M	chr7	72873504	77047422	4.17	15.0	0.9746	4.070	99	26	1	ELN	7q11.23 Williams-Beuren	
38	NAHR_02388_chr7_73M	chr7	73330451	75393265	2.06	43.3	0.9583	4.443	48	21	1	ELN	7q11.23 Williams-Beuren	FKBP6=HP:0000960:Sacral dimple;BAZ1B=HP:0000960:Sacral dimple;TBL2=HP:0000960:Sacral dimple
39	NAHR_00740_chr15_23M	chr15	23374764	28334675	4.96	64.0	0.9818	4.718	52	18	1	UBE3A	15q11-q13 PWS/AS	MKRN3=HP:0001623:Breech presentation
40	NAHR_02382_chr7_73M	chr7	73091445	74891742	1.80	28.7	0.9942	4.432	42	21	1	ELN	7q11.23 Williams-Beuren	
41	NAHR_01134_chr16_28M	chr16	28658234	30225596	1.57	33.1	0.9735	4.400	100	21	1	PRRT2	16p11.2 autism	
42	NAHR_02017_chr22_20M	chr22	20699044	24250599	3.55	10.4	0.9712	3.902	122	25	1	SMARCB1	22q11.2 DiGeorge/VCFS	PI4KA=HP:0007359:Focal-onset seizure;SERPIND1=HP:0005521:Disseminated intravascular coagulation;SNAP29=HP:0000504:Abnormality of vision
43	NAHR_02043_chr22_21M	chr22	21227950	24608676	3.38	28.1	0.9758	4.341	109	19	1	SMARCB1	22q11.2 DiGeorge/VCFS	
44	NAHR_01142_chr16_28M	chr16	28772359	30225596	1.45	20.6	0.9808	4.231	97	20	1	PRRT2	16p11.2 autism	
45	NAHR_01165_chr16_29M	chr16	29595531	30188532	0.59	146.7	0.9956	5.143	46	11	1	PRRT2	16p11.2 autism	
46	NAHR_01706_chr2_95M	chr2	95961817	97141490	1.18	159.8	0.9660	5.027	33	11	1	TMEM127		ADRA2B=HP:0001249:Intellectual disability;ASTL=HP:0011462:Young adult onset
47	NAHR_00090_chr1_16M	chr1	16613865	21439811	4.83	16.2	0.9584	4.035	103	21	1	SDHB		
48	NAHR_01982_chr22_18M	chr22	18891257	21162203	2.27	162.2	0.9839	5.126	101	30	0		22q11.2 DiGeorge/VCFS	DGCR6=HP:0000718:Aggressive behavior;PRODH=HP:0001251:Ataxia
49	NAHR_01969_chr22_18M	chr22	18659561	21335655	2.68	107.4	0.9961	5.011	111	30	0		22q11.2 DiGeorge/VCFS	
50	NAHR_02028_chr22_21M	chr22	21130513	24646049	3.52	15.6	0.9749	4.087	114	19	1	SMARCB1	22q11.2 DiGeorge/VCFS	
51	NAHR_02376_chr7_72M	chr7	72891695	75515121	2.62	13.3	0.9518	3.924	70	21	1	ELN	7q11.23 Williams-Beuren	
52	NAHR_01966_chr22_18M	chr22	18622467	21458187	2.84	104.1	0.9947	4.991	116	30	0		22q11.2 DiGeorge/VCFS	
53	NAHR_00870_chr15_74M	chr15	74094017	77908510	3.81	30.0	0.9609	4.302	102	16	1	SIN3A		STRA6=HP:0030680:Abnormal cardiovascular system morphology
54	NAHR_01476_chr17_36M	chr17	36390245	38026513	1.64	167.8	0.9965	5.207	40	8	1	HNF1B		ZNHIT3=HP:0000377:Abnormal pinna morphology;PIGW=HP:0040195:Decreased head circumference
55	NAHR_02521_chr8_8M	chr8	8239446	12419829	4.18	186.3	0.9772	5.150	93	8	1	GATA4	8p23.1	
56	NAHR_02394_chr7_73M	chr7	73417318	74869979	1.45	11.7	0.9599	3.905	35	20	1	ELN	7q11.23 Williams-Beuren	BAZ1B=HP:0000960:Sacral dimple;TBL2=HP:0000960:Sacral dimple;MLXIPL=HP:0001321:Cerebellar hypoplasia
57	NAHR_01141_chr16_28M	chr16	28665995	30215831	1.55	7.6	0.9823	3.812	98	21	1	PRRT2	16p11.2 autism	
58	NAHR_02066_chr22_22M	chr22	22645208	24636226	1.99	24.3	0.9823	4.307	69	15	1	SMARCB1		
59	NAHR_02728_chr9_94M	chr9	94438761	96949327	2.51	78.2	0.9891	4.840	49	10	1	PTCH1		FBP2=HP:0002415:Leukodystrophy;FBP1=HP:0001946:Ketosis
60	NAHR_00911_chr15_82M	chr15	82497540	85182961	2.69	46.7	0.9868	4.608	66	12	1	RPS17		RPS17=HP:0002817:Abnormality of the upper limb
61	NAHR_00891_chr15_82M	chr15	82360481	85229367	2.87	42.8	0.9919	4.594	73	12	1	RPS17		
62	NAHR_01990_chr22_18M	chr22	18859596	23310737	4.45	10.5	0.9593	3.858	158	40	0		22q11.2 DiGeorge/VCFS	DGCR6=HP:0000718:Aggressive behavior
63	NAHR_00101_chr1_16M	chr1	16857637	21411103	4.55	8.4	0.9633	3.782	92	21	1	SDHB		
64	NAHR_01148_chr16_28M	chr16	28780132	30215831	1.44	7.6	0.9827	3.814	95	20	1	PRRT2	16p11.2 autism	
65	NAHR_01707_chr2_95M	chr2	95905629	97489618	1.58	71.7	0.9549	4.637	37	11	1	TMEM127		ADRA2B=HP:0001249:Intellectual disability;ASTL=HP:0011462:Young adult onset
66	NAHR_01934_chr22_18M	chr22	18235265	21299132	3.06	58.2	0.9907	4.720	120	30	0		22q11.2 DiGeorge/VCFS	
67	NAHR_00492_chr1_223M	chr1	223951831	227973904	4.02	12.0	0.9828	4.010	72	16	1	WDR26		FBXO28=HP:0007359:Focal-onset seizure;DEGS1=HP:0001344:Absent speech
68	NAHR_01940_chr22_18M	chr22	18387721	21165736	2.78	48.9	0.9831	4.610	114	30	0		22q11.2 DiGeorge/VCFS	
69	NAHR_01950_chr22_18M	chr22	18433513	21314325	2.88	43.1	0.9922	4.599	119	30	0		22q11.2 DiGeorge/VCFS	
70	NAHR_02048_chr22_21M	chr22	21296653	24250602	2.95	15.2	0.9771	4.086	95	15	1	SMARCB1	22q11.2 DiGeorge/VCFS	
71	NAHR_02027_chr22_21M	chr22	21129043	24250602	3.12	15.2	0.9768	4.085	99	15	1	SMARCB1	22q11.2 DiGeorge/VCFS	
72	NAHR_02514_chr8_8M	chr8	8017090	12091708	4.07	86.0	0.9714	4.793	90	8	1	GATA4	8p23.1	
73	NAHR_02493_chr8_7M	chr8	7380937	12091708	4.71	86.7	0.9696	4.788	125	8	1	GATA4	8p23.1	
74	NAHR_01703_chr2_95M	chr2	95780648	97600000	1.82	34.5	0.9771	4.434	40	11	1	TMEM127		
75	NAHR_01708_chr2_95M	chr2	95999959	97556364	1.56	41.8	0.9548	4.412	37	11	1	TMEM127		ADRA2B=HP:0001249:Intellectual disability;ASTL=HP:0011462:Young adult onset
76	NAHR_00914_chr15_82M	chr15	82532834	85229367	2.70	24.1	0.9751	4.273	65	12	1	RPS17		RPS17=HP:0002817:Abnormality of the upper limb
77	NAHR_01959_chr22_18M	chr22	18518714	21174795	2.66	35.4	0.9862	4.486	110	30	0		22q11.2 DiGeorge/VCFS	
78	NAHR_01989_chr22_18M	chr22	18859596	22631374	3.77	14.0	0.9788	4.057	146	34	0		22q11.2 DiGeorge/VCFS	DGCR6=HP:0000718:Aggressive behavior
79	NAHR_02144_chr4_4M	chr4	4087860	9019286	4.93	33.5	0.9605	4.347	75	11	1	MSX1		
80	NAHR_02313_chr7_5M	chr7	5989045	6735644	0.75	96.3	0.9919	4.943	21	6	1	PMS2		PMS2=HP:0001522:Death in infancy;AIMP2=HP:0001344:Absent speech;EIF2AK1=HP:0000739:Anxiety
81	NAHR_01699_chr2_95M	chr2	95491792	97005693	1.51	35.0	0.9762	4.436	38	10	1	TMEM127		
82	NAHR_01991_chr22_18M	chr22	18894771	21165794	2.27	29.9	0.9865	4.415	100	30	0		22q11.2 DiGeorge/VCFS	DGCR6=HP:0000718:Aggressive behavior;PRODH=HP:0001251:Ataxia
83	NAHR_01453_chr17_30M	chr17	30672851	32037969	1.37	51.0	0.9863	4.643	45	8	1	NF1	17q11.2 NF1	
84	NAHR_01547_chr17_45M	chr17	45553913	47013620	1.46	38.3	0.9867	4.522	35	9	1	KANSL1		
85	NAHR_01711_chr2_96M	chr2	96073263	97600000	1.53	28.8	0.9850	4.393	35	10	1	TMEM127		ADRA2B=HP:0001249:Intellectual disability;ASTL=HP:0011462:Young adult onset;STARD7=HP:0001249:Intellectual disability
86	NAHR_01942_chr22_18M	chr22	18353250	22644961	4.29	10.1	0.9719	3.893	161	35	0		22q11.2 DiGeorge/VCFS	
87	NAHR_01986_chr22_18M	chr22	18776585	22644961	3.87	10.1	0.9711	3.890	149	35	0		22q11.2 DiGeorge/VCFS	DGCR6=HP:0000718:Aggressive behavior
88	NAHR_02522_chr8_8M	chr8	8239446	12177510	3.94	53.7	0.9724	4.600	89	8	1	GATA4	8p23.1	
89	NAHR_01965_chr22_18M	chr22	18518714	22645528	4.13	9.6	0.9738	3.877	154	35	0		22q11.2 DiGeorge/VCFS	
90	NAHR_02513_chr8_7M	chr8	7975432	12337955	4.36	44.6	0.9789	4.552	100	8	1	GATA4	8p23.1	
91	NAHR_01370_chr17_14M	chr17	14194597	15567588	1.37	23.9	0.9871	4.321	26	10	1	PMP22		COX10=HP:0001251:Ataxia
92	NAHR_00898_chr15_82M	chr15	82389355	85210250	2.82	18.5	0.9606	4.100	72	12	1	RPS17		
93	NAHR_01709_chr2_96M	chr2	96024403	97081034	1.06	24.4	0.9742	4.274	29	10	1	TMEM127		ADRA2B=HP:0001249:Intellectual disability;ASTL=HP:0011462:Young adult onset
94	NAHR_02495_chr8_7M	chr8	7380937	12337955	4.96	45.4	0.9624	4.482	131	8	1	GATA4	8p23.1	
95	NAHR_01149_chr16_29M	chr16	29052278	30225596	1.17	17.2	0.9806	4.153	75	11	1	PRRT2	16p11.2 autism	
96	NAHR_00904_chr15_82M	chr15	82442396	85238085	2.80	15.0	0.9689	4.045	69	12	1	RPS17		
97	NAHR_02071_chr22_22M	chr22	22655111	24242003	1.59	23.2	0.9721	4.244	54	10	1	SMARCB1		
98	NAHR_00902_chr15_82M	chr15	82497540	84448859	1.95	117.8	0.9815	4.977	43	4	1	RPS17		RPS17=HP:0002817:Abnormality of the upper limb
99	NAHR_01738_chr2_107M	chr2	107901691	112359333	4.46	73.3	0.9828	4.781	73	25	0			SLC5A7=HP:0003324:Generalized muscle weakness
100	NAHR_02563_chr9_33M	chr9	33600000	38544231	4.94	76.8	0.9764	4.770	136	25	0			
101	NAHR_01548_chr17_45M	chr17	45573555	46489409	0.92	59.8	0.9835	4.698	19	5	1	KANSL1		
102	NAHR_01499_chr17_36M	chr17	36449219	37914596	1.47	22.8	0.9910	4.319	36	8	1	HNF1B		ZNHIT3=HP:0000377:Abnormal pinna morphology;PIGW=HP:0040195:Decreased head circumference
103	NAHR_01467_chr17_36M	chr17	36178367	37966599	1.79	24.1	0.9842	4.313	45	8	1	HNF1B		
104	NAHR_02086_chr22_23M	chr22	23351708	24661455	1.31	21.5	0.9679	4.194	59	9	1	SMARCB1		
105	NAHR_00873_chr15_75M	chr15	75301523	77908510	2.61	26.7	0.9658	4.274	54	8	1	SIN3A		
106	NAHR_02503_chr8_7M	chr8	7689130	12588063	4.90	22.0	0.9780	4.246	123	8	1	GATA4	8p23.1	
107	NAHR_02712_chr9_83M	chr9	83877281	85746676	1.87	50.8	0.9777	4.601	15	5	1	HNRNPK		HNRNPK=HP:0100259:Postaxial polydactyly
108	NAHR_00910_chr15_82M	chr15	82497540	84165403	1.67	59.4	0.9913	4.732	37	4	1	RPS17		RPS17=HP:0002817:Abnormality of the upper limb
109	NAHR_00889_chr15_82M	chr15	82270742	84066812	1.80	81.9	0.9529	4.682	45	4	1	RPS17		
110	NAHR_01698_chr2_95M	chr2	95456843	97633951	2.18	9.2	0.9769	3.872	47	11	1	TMEM127		
111	NAHR_01549_chr17_45M	chr17	45553425	46292046	0.74	39.5	0.9804	4.506	20	5	1	KANSL1		
112	NAHR_01551_chr17_45M	chr17	45627799	46217039	0.59	34.8	0.9885	4.489	14	5	1	KANSL1		
113	NAHR_02078_chr22_23M	chr22	23321261	24643433	1.32	13.8	0.9671	4.002	58	9	1	SMARCB1		
114	NAHR_00905_chr15_82M	chr15	82471869	84400000	1.93	42.2	0.9870	4.565	43	4	1	RPS17		RPS17=HP:0002817:Abnormality of the upper limb
115	NAHR_02185_chr5_34M	chr5	34189055	37480521	3.29	6.2	0.9626	3.651	36	12	1	NIPBL		
116	NAHR_01744_chr2_108M	chr2	108530426	112347166	3.82	37.3	0.9766	4.465	65	24	0			RANBP2=HP:0002181:Cerebral edema
117	NAHR_00503_chr10_42M	chr10	42741193	45102576	2.36	46.7	0.9547	4.458	48	4	1	RET		BMS1=HP:0010301:Spinal dysraphism
118	NAHR_01755_chr2_108M	chr2	108771738	112384625	3.61	50.7	0.9762	4.593	63	23	0			RANBP2=HP:0002181:Cerebral edema;EDAR=HP:0000232:Everted lower lip vermilion
119	NAHR_02000_chr22_19M	chr22	19035499	21355339	2.32	12.3	0.9790	4.002	100	27	0		22q11.2 DiGeorge/VCFS	DGCR2=HP:0000718:Aggressive behavior
120	NAHR_01545_chr17_45M	chr17	45516128	46547567	1.03	18.9	0.9823	4.201	24	5	1	KANSL1		
121	NAHR_02088_chr22_23M	chr22	23601125	25428803	1.83	6.6	0.9618	3.672	65	10	1	SMARCB1		
122	NAHR_00896_chr15_82M	chr15	82360481	84224740	1.86	23.4	0.9862	4.309	46	4	1	RPS17		
123	NAHR_01507_chr17_36M	chr17	36458166	37926965	1.47	8.9	0.9753	3.853	37	8	1	HNF1B		ZNHIT3=HP:0000377:Abnormal pinna morphology;PIGW=HP:0040195:Decreased head circumference
124	NAHR_01540_chr17_36M	chr17	36458166	38181159	1.72	8.9	0.9753	3.853	41	8	1	HNF1B		ZNHIT3=HP:0000377:Abnormal pinna morphology;PIGW=HP:0040195:Decreased head circumference
125	NAHR_00894_chr15_82M	chr15	82360481	84425097	2.06	23.8	0.9830	4.301	49	4	1	RPS17		
126	NAHR_01087_chr16_18M	chr16	18907694	22443958	3.54	50.5	0.9708	4.566	94	22	0			
127	NAHR_00915_chr15_82M	chr15	82533007	84424935	1.89	24.2	0.9766	4.281	41	4	1	RPS17		RPS17=HP:0002817:Abnormality of the upper limb
128	NAHR_01073_chr16_18M	chr16	18374518	22517474	4.14	16.5	0.9774	4.123	113	25	0			
129	NAHR_01456_chr17_31M	chr17	31051210	32020963	0.97	13.2	0.9727	4.007	26	6	1	NF1	17q11.2 NF1	NF1=HP:0001095:Hypertensive retinopathy
130	NAHR_01063_chr16_18M	chr16	18334399	22517472	4.18	16.5	0.9764	4.119	117	25	0			
131	NAHR_02507_chr8_7M	chr8	7721450	12169765	4.45	7.7	0.9559	3.717	115	8	1	GATA4	8p23.1	
132	NAHR_02508_chr8_7M	chr8	7736746	12412084	4.68	7.7	0.9554	3.715	116	8	1	GATA4	8p23.1	
133	NAHR_02509_chr8_7M	chr8	7736746	12169765	4.43	7.7	0.9552	3.715	113	8	1	GATA4	8p23.1	
134	NAHR_02545_chr8_7M	chr8	7736746	12412084	4.68	7.7	0.9554	3.715	116	8	1	GATA4	8p23.1	
135	NAHR_02512_chr8_7M	chr8	7759689	12169765	4.41	7.7	0.9551	3.714	110	8	1	GATA4	8p23.1	
136	NAHR_01565_chr17_59M	chr17	59600000	59975506	0.38	27.1	0.9946	4.409	12	2	1	CLTC		CLTC=HP:0006879:Pontocerebellar atrophy;PTRH2=HP:0001251:Ataxia
137	NAHR_02497_chr8_7M	chr8	7561455	12412084	4.85	7.7	0.9546	3.712	121	8	1	GATA4	8p23.1	
138	NAHR_02501_chr8_7M	chr8	7576747	12169765	4.59	7.7	0.9546	3.712	117	8	1	GATA4	8p23.1	
139	NAHR_02085_chr22_23M	chr22	23337128	24268948	0.93	15.0	0.9598	4.008	44	5	1	SMARCB1		
140	NAHR_00899_chr15_82M	chr15	82389355	84448855	2.06	18.5	0.9614	4.103	48	4	1	RPS17		
141	NAHR_00901_chr15_82M	chr15	82389355	84205651	1.82	18.5	0.9607	4.100	45	4	1	RPS17		
142	NAHR_00892_chr15_82M	chr15	82351763	84503844	2.15	15.2	0.9685	4.050	50	4	1	RPS17		
143	NAHR_00180_chr1_144M	chr1	144531516	149077138	4.55	94.9	0.9863	4.909	90	17	0		1q21.1 TAR/microdel	
144	NAHR_01759_chr2_109M	chr2	109871001	112355093	2.48	78.0	0.9955	4.870	50	17	0			
145	NAHR_00216_chr1_145M	chr1	145405872	149475332	4.07	79.3	0.9863	4.832	86	17	0		1q21.1 TAR/microdel	
146	NAHR_00200_chr1_145M	chr1	145262593	149563352	4.30	73.3	0.9913	4.823	88	17	0		1q21.1 TAR/microdel	
147	NAHR_02845_chrX_154M	chrX	154347246	154384867	0.04	11.3	0.9939	4.030	3	2	1	FLNA		FLNA=HP:0007359:Focal-onset seizure;EMD=HP:0003458:EMG: myopathic abnormalities
148	NAHR_01936_chr22_18M	chr22	18218744	20324592	2.11	31.5	0.9842	4.427	81	19	0		22q11.2 DiGeorge/VCFS	
149	NAHR_00187_chr1_144M	chr1	144608921	149556814	4.95	43.1	0.9894	4.585	95	18	0		1q21.1 TAR/microdel	
150	NAHR_00198_chr1_145M	chr1	145188250	149681543	4.49	59.0	0.9938	4.741	94	17	0		1q21.1 TAR/microdel	
151	NAHR_02733_chrX_6M	chrX	6537770	8165153	1.63	8.8	0.9502	3.749	7	4	1	STS	Xp22 STS/ichthyosis	STS=HP:0007549:Desquamation of skin soon after birth
152	NAHR_00201_chr1_145M	chr1	145336686	148440436	3.10	138.8	0.9901	5.092	69	15	0		1q21.1 TAR/microdel	
153	NAHR_01954_chr22_18M	chr22	18433513	20324592	1.89	26.3	0.9874	4.364	78	19	0		22q11.2 DiGeorge/VCFS	
154	NAHR_01967_chr22_18M	chr22	18546275	20700323	2.15	19.8	0.9791	4.208	85	20	0		22q11.2 DiGeorge/VCFS	
155	NAHR_00159_chr1_144M	chr1	144428470	148466045	4.04	72.2	0.9827	4.774	81	16	0		1q21.1 TAR/microdel	
156	NAHR_01093_chr16_18M	chr16	18993050	22493370	3.50	8.0	0.9622	3.757	93	23	0			COQ7=HP:0003391:Gowers sign
157	NAHR_01996_chr22_18M	chr22	18893299	20337728	1.44	18.9	0.9731	4.162	66	19	0		22q11.2 DiGeorge/VCFS	DGCR6=HP:0000718:Aggressive behavior;PRODH=HP:0001251:Ataxia
158	NAHR_01947_chr22_18M	chr22	18387721	20337680	1.95	17.2	0.9806	4.153	79	19	0		22q11.2 DiGeorge/VCFS	
159	NAHR_02881_chrY_22M	chrY	22093095	25967291	3.87	168.4	0.9982	5.217	33	13	0		Yq AZF	PRY2=HP:0011462:Young adult onset
160	NAHR_01090_chr16_18M	chr16	18926692	22436878	3.51	7.7	0.9637	3.745	92	22	0			COQ7=HP:0003391:Gowers sign
161	NAHR_01733_chr2_106M	chr2	106468418	110504758	4.04	73.3	0.9829	4.782	58	15	0			
162	NAHR_01739_chr2_107M	chr2	107901691	110504758	2.60	72.1	0.9833	4.777	43	15	0			SLC5A7=HP:0003324:Generalized muscle weakness
163	NAHR_00794_chr15_28M	chr15	28730436	32440992	3.71	32.0	0.9789	4.410	59	17	0			
164	NAHR_00191_chr1_144M	chr1	144610021	148466045	3.86	37.6	0.9900	4.530	78	16	0		1q21.1 TAR/microdel	
165	NAHR_00246_chr1_145M	chr1	145520644	148013869	2.49	84.8	0.9933	4.895	57	14	0		1q21.1 TAR/microdel	
166	NAHR_01988_chr22_18M	chr22	18855893	20688614	1.83	10.4	0.9742	3.914	79	20	0		22q11.2 DiGeorge/VCFS	DGCR6=HP:0000718:Aggressive behavior
167	NAHR_01999_chr22_18M	chr22	18976730	20262035	1.29	27.4	0.9584	4.253	57	17	0		22q11.2 DiGeorge/VCFS	DGCR2=HP:0000718:Aggressive behavior
168	NAHR_00226_chr1_145M	chr1	145388993	148533173	3.14	45.6	0.9832	4.581	71	15	0		1q21.1 TAR/microdel	
169	NAHR_00260_chr1_145M	chr1	145595326	149471558	3.88	21.1	0.9781	4.229	83	17	0		1q21.1 TAR/microdel	
170	NAHR_00242_chr1_145M	chr1	145427652	149077127	3.65	28.4	0.9799	4.363	78	16	0		1q21.1 TAR/microdel	
171	NAHR_00202_chr1_145M	chr1	145221573	149170310	3.95	24.6	0.9934	4.361	82	16	0		1q21.1 TAR/microdel	
172	NAHR_01367_chr17_4M	chr17	4642260	6655159	2.01	6.4	0.9569	3.642	71	21	0			
173	NAHR_01128_chr16_28M	chr16	28471892	29037238	0.57	34.5	0.9944	4.513	39	15	0			CLN3=HP:0000709:Psychosis
174	NAHR_00795_chr15_28M	chr15	28714168	32388673	3.67	16.4	0.9827	4.141	56	17	0			
175	NAHR_00166_chr1_144M	chr1	144440116	149058694	4.62	17.3	0.9766	4.138	91	17	0		1q21.1 TAR/microdel	
176	NAHR_02019_chr22_20M	chr22	20699044	23314441	2.62	6.8	0.9617	3.688	78	20	0		22q11.2 DiGeorge/VCFS	PI4KA=HP:0007359:Focal-onset seizure;SERPIND1=HP:0005521:Disseminated intravascular coagulation;SNAP29=HP:0000504:Abnormality of vision
177	NAHR_01097_chr16_21M	chr16	21502501	22436878	0.93	104.7	0.9983	5.011	32	12	0			
178	NAHR_00237_chr1_145M	chr1	145405387	149055777	3.65	21.0	0.9798	4.234	79	16	0		1q21.1 TAR/microdel	
179	NAHR_01753_chr2_108M	chr2	108771738	110530065	1.76	49.8	0.9759	4.584	33	14	0			RANBP2=HP:0002181:Cerebral edema;EDAR=HP:0000232:Everted lower lip vermilion
180	NAHR_01088_chr16_18M	chr16	18907694	21877502	2.97	50.3	0.9707	4.564	72	14	0			
181	NAHR_00181_chr1_144M	chr1	144457962	148121985	3.66	22.9	0.9653	4.209	72	16	0		1q21.1 TAR/microdel	
182	NAHR_00807_chr15_30M	chr15	30377808	32153205	1.78	303.7	0.9962	5.462	27	10	0			
183	NAHR_01357_chr16_70M	chr16	70203673	74391726	4.19	38.5	0.9905	4.542	81	14	0			AARS1=HP:0100275:Diffuse cerebellar atrophy
184	NAHR_00802_chr15_28M	chr15	28752327	32522375	3.77	22.1	0.9648	4.192	59	16	0			
185	NAHR_00167_chr1_144M	chr1	144440116	148572212	4.13	17.3	0.9799	4.152	83	16	0		1q21.1 TAR/microdel	
186	NAHR_00278_chr1_145M	chr1	145686998	147920586	2.23	88.1	0.9901	4.896	51	12	0		1q21.1 TAR/microdel	
187	NAHR_01023_chr16_15M	chr16	15379928	18186697	2.81	148.1	0.9908	5.123	41	11	0			
188	NAHR_00291_chr1_146M	chr1	146328717	148532845	2.20	246.7	0.9973	5.378	40	10	0		1q21.1 TAR/microdel	
189	NAHR_01120_chr16_28M	chr16	28360092	29035179	0.68	22.0	0.9905	4.301	43	15	0			
190	NAHR_01130_chr16_28M	chr16	28471892	29476490	1.00	23.6	0.9807	4.288	61	15	0			CLN3=HP:0000709:Psychosis
191	NAHR_01074_chr16_18M	chr16	18374518	21837227	3.46	16.4	0.9769	4.119	90	16	0			
192	NAHR_01064_chr16_18M	chr16	18334399	21837227	3.50	16.5	0.9757	4.114	94	16	0			
193	NAHR_00255_chr1_145M	chr1	145591175	149058716	3.47	17.3	0.9629	4.081	77	16	0		1q21.1 TAR/microdel	
194	NAHR_01125_chr16_28M	chr16	28363510	29384082	1.02	20.5	0.9827	4.237	56	15	0			
195	NAHR_00305_chr1_146M	chr1	146254754	149366550	3.11	114.7	0.9939	5.029	52	11	0		1q21.1 TAR/microdel	
196	NAHR_00243_chr1_145M	chr1	145421913	148121974	2.70	22.2	0.9673	4.205	60	15	0		1q21.1 TAR/microdel	
197	NAHR_00284_chr1_146M	chr1	146138525	149475817	3.34	72.2	0.9819	4.771	58	12	0		1q21.1 TAR/microdel	
198	NAHR_00164_chr1_144M	chr1	144440116	148101628	3.66	19.2	0.9791	4.193	71	15	0		1q21.1 TAR/microdel	
199	NAHR_01745_chr2_108M	chr2	108522807	110500505	1.98	29.5	0.9753	4.360	35	14	0			RANBP2=HP:0002181:Cerebral edema
200	NAHR_02882_chrY_22M	chrY	22093095	23534665	1.44	168.2	0.9983	5.217	16	10	0		Yq AZF	PRY2=HP:0011462:Young adult onset
201	NAHR_00868_chr15_72M	chr15	72671198	75274718	2.60	24.8	0.9888	4.344	71	14	0			BBS4=HP:0100259:Postaxial polydactyly
202	NAHR_00208_chr1_145M	chr1	145301773	149053603	3.75	11.5	0.9824	3.989	79	16	0		1q21.1 TAR/microdel	
203	NAHR_00998_chr16_14M	chr16	14909607	18486486	3.58	93.1	0.9932	4.935	71	11	0			
204	NAHR_00239_chr1_145M	chr1	145405387	148103790	2.70	17.0	0.9730	4.116	60	15	0		1q21.1 TAR/microdel	
205	NAHR_01119_chr16_28M	chr16	28342885	29366484	1.02	15.3	0.9837	4.115	56	15	0			
206	NAHR_02134_chr3_195M	chr3	195646835	197643123	2.00	24.3	0.9765	4.283	63	14	0		3q29 microdeletion	
207	NAHR_01024_chr16_15M	chr16	15379928	16377607	1.00	148.3	0.9925	5.132	29	10	0			
208	NAHR_00248_chr1_145M	chr1	145520644	149019851	3.50	12.0	0.9672	3.947	75	16	0		1q21.1 TAR/microdel	
209	NAHR_00256_chr1_145M	chr1	145591175	148572234	2.98	17.3	0.9664	4.095	69	15	0		1q21.1 TAR/microdel	
210	NAHR_00251_chr1_145M	chr1	145591175	148098456	2.51	22.4	0.9769	4.250	57	14	0		1q21.1 TAR/microdel	
211	NAHR_00252_chr1_145M	chr1	145579459	149549272	3.97	7.5	0.9726	3.770	84	17	0		1q21.1 TAR/microdel	
212	NAHR_00308_chr1_146M	chr1	146371772	149556814	3.19	43.0	0.9933	4.602	54	12	0		1q21.1 TAR/microdel	
213	NAHR_00317_chr1_146M	chr1	146474420	149099866	2.63	71.3	0.9918	4.813	45	11	0		1q21.1 TAR/microdel	
214	NAHR_00219_chr1_145M	chr1	145341436	149055777	3.71	9.3	0.9769	3.878	79	16	0		1q21.1 TAR/microdel	
215	NAHR_00235_chr1_145M	chr1	145384243	149055777	3.67	9.3	0.9769	3.878	79	16	0		1q21.1 TAR/microdel	
216	NAHR_00229_chr1_145M	chr1	145369989	149055777	3.69	9.3	0.9766	3.877	79	16	0		1q21.1 TAR/microdel	
217	NAHR_00213_chr1_145M	chr1	145327163	149055777	3.73	9.3	0.9765	3.876	79	16	0		1q21.1 TAR/microdel	
218	NAHR_00223_chr1_145M	chr1	145350966	149055777	3.70	9.3	0.9759	3.874	79	16	0		1q21.1 TAR/microdel	
219	NAHR_00991_chr16_14M	chr16	14816375	18268081	3.45	66.7	0.9907	4.779	62	11	0			
220	NAHR_00185_chr1_144M	chr1	144488026	148338954	3.85	10.6	0.9542	3.841	77	16	0		1q21.1 TAR/microdel	
221	NAHR_01751_chr2_108M	chr2	108687692	110445435	1.76	34.5	0.9859	4.474	30	12	0			RANBP2=HP:0002181:Cerebral edema;EDAR=HP:0000232:Everted lower lip vermilion
222	NAHR_00188_chr1_144M	chr1	144572458	148524430	3.95	6.5	0.9902	3.778	80	16	0		1q21.1 TAR/microdel	
223	NAHR_02136_chr3_195M	chr3	195956667	197632496	1.68	22.9	0.9738	4.245	51	13	0		3q29 microdeletion	TFRC=HP:0000509:Conjunctivitis
224	NAHR_01777_chr2_110M	chr2	110577565	112355093	1.78	78.0	0.9955	4.870	30	10	0			BUB1=HP:0002817:Abnormality of the upper limb
225	NAHR_00999_chr16_14M	chr16	14954790	16215113	1.26	138.4	0.9942	5.111	28	9	0			
226	NAHR_01795_chr2_130M	chr2	130138211	131200603	1.06	77.2	0.9870	4.824	32	10	0			SMPD4=HP:0000193:Bifid uvula
227	NAHR_00804_chr15_28M	chr15	28781150	32514561	3.73	7.6	0.9542	3.702	57	16	0			
228	NAHR_00320_chr1_146M	chr1	146541438	148191940	1.65	67.0	0.9967	4.810	27	10	0		1q21.1 TAR/microdel	
229	NAHR_00972_chr16_11M	chr16	11943679	16334303	4.39	18.9	0.9756	4.172	90	13	0			
230	NAHR_00274_chr1_145M	chr1	145595326	148590676	3.00	9.4	0.9655	3.834	69	15	0		1q21.1 TAR/microdel	
231	NAHR_00823_chr15_30M	chr15	30618102	32389245	1.77	218.1	0.9959	5.317	16	8	0			
232	NAHR_00993_chr16_14M	chr16	14816375	16377569	1.56	66.8	0.9905	4.779	50	10	0			
233	NAHR_01002_chr16_14M	chr16	14954790	18315131	3.36	38.9	0.9902	4.545	51	11	0			
234	NAHR_02445_chr7_99M	chr7	99985289	101285621	1.30	6.8	0.9504	3.640	87	16	0			
235	NAHR_02018_chr22_20M	chr22	20699044	22635070	1.94	10.3	0.9731	3.904	66	14	0		22q11.2 DiGeorge/VCFS	PI4KA=HP:0007359:Focal-onset seizure;SERPIND1=HP:0005521:Disseminated intravascular coagulation;SNAP29=HP:0000504:Abnormality of vision
236	NAHR_00273_chr1_145M	chr1	145591660	149077127	3.49	5.6	0.9581	3.593	77	16	0		1q21.1 TAR/microdel	
237	NAHR_01792_chr2_130M	chr2	130064799	131270573	1.21	62.9	0.9701	4.655	35	10	0			SMPD4=HP:0000193:Bifid uvula
238	NAHR_02004_chr22_20M	chr22	20355079	21308784	0.95	30.7	0.9841	4.416	37	11	0		22q11.2 DiGeorge/VCFS	SCARF2=HP:0000960:Sacral dimple
239	NAHR_00330_chr1_146M	chr1	146994453	149475817	2.48	21.8	0.9697	4.207	48	12	0		1q21.1 TAR/microdel	
240	NAHR_00300_chr1_146M	chr1	146145369	149055777	2.91	27.8	0.9838	4.372	51	11	0		1q21.1 TAR/microdel	
241	NAHR_01014_chr16_15M	chr16	15140398	18366861	3.23	26.9	0.9831	4.356	49	11	0			
242	NAHR_00321_chr1_146M	chr1	146940927	148149797	1.21	39.4	0.9946	4.571	22	10	0		1q21.1 TAR/microdel	
243	NAHR_00651_chr13_22M	chr13	22970442	24323812	1.35	64.5	0.9501	4.569	22	10	0			SGCG=HP:0025169:Left ventricular systolic dysfunction;SACS=HP:0001251:Ataxia
244	NAHR_01089_chr16_18M	chr16	18907694	21445240	2.54	50.7	0.9704	4.566	61	10	0			
245	NAHR_01003_chr16_14M	chr16	14954790	16354598	1.40	40.5	0.9895	4.559	38	10	0			
246	NAHR_01075_chr16_18M	chr16	18374518	21404776	3.03	16.5	0.9775	4.123	79	12	0			
247	NAHR_01065_chr16_18M	chr16	18334399	21404776	3.07	16.5	0.9765	4.119	83	12	0			
248	NAHR_01139_chr16_28M	chr16	28677681	29035179	0.36	36.5	0.9921	4.527	24	10	0			
249	NAHR_00309_chr1_146M	chr1	146365230	148467506	2.10	36.4	0.9922	4.526	37	10	0		1q21.1 TAR/microdel	
250	NAHR_00209_chr1_145M	chr1	145297011	148101628	2.80	7.5	0.9705	3.762	59	14	0		1q21.1 TAR/microdel	
251	NAHR_01094_chr16_18M	chr16	18993050	21869811	2.88	8.0	0.9620	3.756	70	14	0			COQ7=HP:0003391:Gowers sign
252	NAHR_01136_chr16_28M	chr16	28665995	29476490	0.81	41.6	0.9747	4.502	46	10	0			
253	NAHR_01105_chr16_21M	chr16	21932235	22438500	0.51	102.7	0.9975	4.999	20	8	0			UQCRC2=HP:0002572:Episodic vomiting
254	NAHR_00275_chr1_145M	chr1	145591660	148121974	2.53	5.6	0.9592	3.598	58	15	0		1q21.1 TAR/microdel	
255	NAHR_00326_chr1_147M	chr1	147008748	149041148	2.03	41.7	0.9727	4.494	37	10	0		1q21.1 TAR/microdel	
256	NAHR_00262_chr1_145M	chr1	145579459	148545929	2.97	5.1	0.9688	3.594	69	15	0		1q21.1 TAR/microdel	
257	NAHR_01028_chr16_15M	chr16	15379928	18353844	2.97	20.6	0.9906	4.273	45	11	0			
258	NAHR_00983_chr16_14M	chr16	14731997	18310894	3.58	22.7	0.9800	4.269	64	11	0			
259	NAHR_00221_chr1_145M	chr1	145341436	148103790	2.76	5.4	0.9613	3.585	60	15	0		1q21.1 TAR/microdel	
260	NAHR_00230_chr1_145M	chr1	145365229	148103790	2.74	5.4	0.9607	3.583	60	15	0		1q21.1 TAR/microdel	
261	NAHR_00217_chr1_145M	chr1	145331930	148103790	2.77	5.4	0.9602	3.582	60	15	0		1q21.1 TAR/microdel	
262	NAHR_00233_chr1_145M	chr1	145374737	148103790	2.73	5.4	0.9605	3.582	60	15	0		1q21.1 TAR/microdel	
263	NAHR_00982_chr16_14M	chr16	14729368	18353846	3.62	20.0	0.9835	4.230	68	11	0			
264	NAHR_01394_chr17_18M	chr17	18568180	20377554	1.81	183.3	0.9917	5.220	61	7	0		17p11.2 Smith-Magenis/PTLS	
265	NAHR_01749_chr2_108M	chr2	108601811	110477121	1.88	5.9	0.9776	3.690	34	14	0			RANBP2=HP:0002181:Cerebral edema;EDAR=HP:0000232:Everted lower lip vermilion
266	NAHR_00282_chr1_146M	chr1	146074918	149043068	2.97	21.2	0.9697	4.196	49	11	0		1q21.1 TAR/microdel	
267	NAHR_00806_chr15_30M	chr15	30097040	32588428	2.49	19.1	0.9796	4.194	41	11	0			
268	NAHR_01135_chr16_28M	chr16	28658234	29384082	0.73	33.0	0.9745	4.403	39	10	0			
269	NAHR_01013_chr16_15M	chr16	15134864	18326717	3.19	17.7	0.9863	4.190	47	11	0			
270	NAHR_00307_chr1_146M	chr1	146328717	149350736	3.02	15.8	0.9934	4.171	52	11	0		1q21.1 TAR/microdel	
271	NAHR_01091_chr16_18M	chr16	18924922	21926083	3.00	6.0	0.9631	3.639	74	14	0			
272	NAHR_01016_chr16_15M	chr16	15140043	16354635	1.21	26.5	0.9864	4.364	31	10	0			
273	NAHR_00813_chr15_30M	chr15	30149102	32591721	2.44	15.8	0.9819	4.122	39	11	0			
274	NAHR_00793_chr15_28M	chr15	28713338	30790558	2.08	33.0	0.9577	4.328	45	10	0			
275	NAHR_00924_chr15_84M	chr15	84248188	85182961	0.93	70.1	0.9878	4.787	25	8	0			
276	NAHR_01146_chr16_28M	chr16	28791856	29035179	0.24	36.6	0.9931	4.532	21	9	0			
277	NAHR_01740_chr2_107M	chr2	107901691	109794622	1.89	72.1	0.9833	4.777	23	8	0			SLC5A7=HP:0003324:Generalized muscle weakness
278	NAHR_01734_chr2_106M	chr2	106466367	109794622	3.33	72.1	0.9832	4.776	39	8	0			
279	NAHR_02895_chrY_22M	chrY	22722163	25967291	3.25	229.1	0.9990	5.355	22	6	0		Yq AZF	BPY2=HP:0011462:Young adult onset;DAZ1=HP:0000028:Cryptorchidism;DAZ2=HP:0000028:Cryptorchidism
280	NAHR_00302_chr1_146M	chr1	146145369	148103790	1.96	23.8	0.9783	4.282	32	10	0		1q21.1 TAR/microdel	
281	NAHR_00327_chr1_146M	chr1	146989695	148103790	1.11	23.3	0.9801	4.281	22	10	0		1q21.1 TAR/microdel	
282	NAHR_00525_chr10_45M	chr10	45997277	49845538	3.85	122.5	0.9885	5.030	74	7	0			
283	NAHR_01029_chr16_15M	chr16	15379928	16334296	0.95	20.6	0.9909	4.274	28	10	0			
284	NAHR_00345_chr1_147M	chr1	147057418	148968012	1.91	28.7	0.9583	4.272	34	10	0		1q21.1 TAR/microdel	
285	NAHR_00992_chr16_14M	chr16	14769680	16334258	1.56	20.6	0.9884	4.263	49	10	0			
286	NAHR_00985_chr16_14M	chr16	14731041	16377571	1.65	21.7	0.9826	4.261	52	10	0			
287	NAHR_00708_chr15_20M	chr15	20580059	23311344	2.73	61.4	0.9836	4.709	52	8	0		15q11-q13 PWS/AS	
288	NAHR_02020_chr22_20M	chr22	20720038	21465652	0.75	19.8	0.9808	4.215	32	10	0		22q11.2 DiGeorge/VCFS	PI4KA=HP:0007359:Focal-onset seizure;SERPIND1=HP:0005521:Disseminated intravascular coagulation;SNAP29=HP:0000504:Abnormality of vision;CRKL=HP:0000453:Choanal atresia
289	NAHR_00513_chr10_45M	chr10	45806813	50047154	4.24	100.8	0.9859	4.933	82	7	0			
290	NAHR_01796_chr2_130M	chr2	130241112	131433204	1.19	118.8	0.9710	4.928	32	7	0			
291	NAHR_00335_chr1_146M	chr1	146996601	149544535	2.55	12.3	0.9749	3.986	47	11	0		1q21.1 TAR/microdel	
292	NAHR_01144_chr16_28M	chr16	28780132	29476490	0.70	29.1	0.9806	4.377	43	9	0			
293	NAHR_00817_chr15_30M	chr15	30400000	32419139	2.02	22.2	0.9967	4.332	30	9	0			
294	NAHR_00491_chr1_222M	chr1	222520800	223951888	1.43	40.7	0.9833	4.532	22	8	0			TAF1A=HP:0011675:Arrhythmia;MIA3=HP:0000704:Periodontitis
295	NAHR_00812_chr15_30M	chr15	30102064	32384944	2.28	15.4	0.9733	4.077	33	10	0			
296	NAHR_00297_chr1_146M	chr1	146117419	149055777	2.94	9.3	0.9754	3.870	51	11	0		1q21.1 TAR/microdel	
297	NAHR_00287_chr1_146M	chr1	146084390	149055777	2.97	9.3	0.9746	3.867	51	11	0		1q21.1 TAR/microdel	
298	NAHR_00292_chr1_146M	chr1	146093829	149055777	2.96	9.3	0.9746	3.867	51	11	0		1q21.1 TAR/microdel	
299	NAHR_02717_chr9_87M	chr9	87915591	92876433	4.96	7.3	0.9532	3.683	67	12	0			
300	NAHR_01143_chr16_28M	chr16	28772359	29384082	0.61	20.5	0.9825	4.236	36	9	0			
301	NAHR_01019_chr16_15M	chr16	15161657	16303244	1.14	11.6	0.9898	4.022	22	10	0			
302	NAHR_01397_chr17_18M	chr17	18627470	20309890	1.68	60.9	0.9857	4.716	57	7	0		17p11.2 Smith-Magenis/PTLS	
303	NAHR_00324_chr1_146M	chr1	146965184	149475332	2.51	5.6	0.9667	3.626	48	12	0		1q21.1 TAR/microdel	
304	NAHR_00869_chr15_74M	chr15	74090670	75274718	1.18	30.1	0.9896	4.431	47	8	0			STRA6=HP:0030680:Abnormal cardiovascular system morphology
305	NAHR_00796_chr15_28M	chr15	28730436	30535253	1.80	32.0	0.9792	4.411	34	8	0			
306	NAHR_01574_chr18_10M	chr18	10656105	12167145	1.51	58.1	0.9790	4.664	31	7	0			PIEZO2=HP:0002334:Abnormal cerebellar vermis morphology
307	NAHR_01092_chr16_18M	chr16	18931063	21494593	2.56	12.2	0.9645	3.940	61	10	0			COQ7=HP:0003391:Gowers sign
308	NAHR_01798_chr2_130M	chr2	130510332	131217262	0.71	109.3	0.9762	4.919	21	6	0			
309	NAHR_00838_chr15_30M	chr15	30781397	31617789	0.84	106.4	0.9781	4.917	9	6	0			FAN1=HP:0003076:Glycosuria;TRPM1=HP:0000512:Abnormal electroretinogram
310	NAHR_00184_chr1_144M	chr1	144550481	146384363	1.83	91.3	0.9907	4.914	43	6	0		1q21.1 TAR/microdel	
311	NAHR_02897_chrY_23M	chrY	23144660	24891724	1.75	398.0	0.9994	5.596	12	4	0		Yq AZF	DAZ1=HP:0000028:Cryptorchidism;DAZ2=HP:0000028:Cryptorchidism
312	NAHR_00591_chr10_79M	chr10	79551117	80209920	0.66	49.4	0.9783	4.592	18	7	0			SFTPA2=HP:0030830:Crackles;SFTPA1=HP:0030830:Crackles;NUTM2B-AS1=HP:0001251:Ataxia
313	NAHR_00884_chr15_78M	chr15	78000833	78750630	0.75	34.6	0.9536	4.328	23	8	0			TBC1D2B=HP:0030793:Jaw swelling;CIB2=HP:0001751:Abnormal vestibular function;IDH3A=HP:0025158:Hyperautofluorescent retinal lesion
314	NAHR_00336_chr1_146M	chr1	146994453	148536274	1.54	10.1	0.9689	3.879	33	10	0		1q21.1 TAR/microdel	
315	NAHR_02050_chr22_21M	chr22	21295541	23310737	2.02	10.5	0.9610	3.865	51	10	0		22q11.2 DiGeorge/VCFS	
316	NAHR_02029_chr22_21M	chr22	21125472	23310737	2.19	10.5	0.9606	3.863	55	10	0		22q11.2 DiGeorge/VCFS	
317	NAHR_00963_chr15_99M	chr15	99800257	101764214	1.96	25.7	0.9702	4.278	43	8	0			ADAMTS17=HP:0030680:Abnormal cardiovascular system morphology
318	NAHR_01021_chr16_15M	chr16	15161657	18486486	3.32	5.0	0.9894	3.661	55	11	0			
319	NAHR_01123_chr16_28M	chr16	28471892	28643180	0.17	133.9	0.9969	5.111	15	5	0			CLN3=HP:0000709:Psychosis
320	NAHR_00318_chr1_146M	chr1	146457418	148339338	1.88	10.0	0.9566	3.828	32	10	0		1q21.1 TAR/microdel	
321	NAHR_00548_chr10_46M	chr10	46840017	49972840	3.13	39.4	0.9773	4.491	54	7	0			GDF2=HP:0011025:Abnormal cardiovascular system physiology
322	NAHR_00536_chr10_46M	chr10	46370152	49984214	3.61	37.5	0.9754	4.462	72	7	0			
323	NAHR_02311_chr7_4M	chr7	4991874	5722273	0.73	15.6	0.9516	3.991	24	9	0			
324	NAHR_00186_chr1_144M	chr1	144608561	146328663	1.72	57.6	0.9886	4.706	41	6	0		1q21.1 TAR/microdel	
325	NAHR_01095_chr16_18M	chr16	18993050	21437543	2.44	8.0	0.9620	3.756	59	10	0			COQ7=HP:0003391:Gowers sign
326	NAHR_00505_chr10_45M	chr10	45705380	49986169	4.28	29.1	0.9818	4.383	83	7	0			
327	NAHR_00801_chr15_28M	chr15	28714168	30602279	1.89	15.8	0.9831	4.128	37	8	0			
328	NAHR_01746_chr2_108M	chr2	108522807	109841438	1.32	29.5	0.9753	4.360	15	7	0			RANBP2=HP:0002181:Cerebral edema
329	NAHR_00867_chr15_72M	chr15	72671198	74065750	1.39	52.0	0.9801	4.622	23	6	0			BBS4=HP:0100259:Postaxial polydactyly
330	NAHR_01800_chr2_130M	chr2	130719935	131217262	0.50	109.4	0.9773	4.924	10	5	0			
331	NAHR_00527_chr10_46M	chr10	46133420	49987378	3.85	25.0	0.9855	4.334	73	7	0			
332	NAHR_01405_chr17_18M	chr17	18848096	20324531	1.48	23.9	0.9865	4.320	51	7	0		17p11.2 Smith-Magenis/PTLS	
333	NAHR_02869_chrY_21M	chrY	21506219	22408402	0.90	13.4	0.9882	4.080	13	8	0		Yq AZF	RBMY1A1=HP:0000028:Cryptorchidism
334	NAHR_02872_chrY_21M	chrY	21529759	22398245	0.87	23.6	0.9870	4.315	11	7	0		Yq AZF	RBMY1A1=HP:0000028:Cryptorchidism
335	NAHR_01754_chr2_108M	chr2	108771738	109794198	1.02	49.8	0.9759	4.584	12	6	0			RANBP2=HP:0002181:Cerebral edema;EDAR=HP:0000232:Everted lower lip vermilion
336	NAHR_02316_chr7_29M	chr7	29701061	32712678	3.01	48.4	0.9763	4.574	44	6	0			FKBP14=HP:0001561:Polyhydramnios
337	NAHR_02012_chr22_20M	chr22	20683731	21057379	0.37	5.4	0.9808	3.658	22	10	0		22q11.2 DiGeorge/VCFS	PI4KA=HP:0007359:Focal-onset seizure;SERPIND1=HP:0005521:Disseminated intravascular coagulation;SNAP29=HP:0000504:Abnormality of vision
338	NAHR_00161_chr1_144M	chr1	144394054	146328663	1.93	36.3	0.9906	4.517	45	6	0		1q21.1 TAR/microdel	
339	NAHR_01758_chr2_110M	chr2	110095177	110276210	0.18	358.4	0.9988	5.548	5	3	0			NPHP1=HP:0100259:Postaxial polydactyly
340	NAHR_00288_chr1_146M	chr1	146084390	148103790	2.02	5.3	0.9630	3.590	32	10	0		1q21.1 TAR/microdel	
341	NAHR_00294_chr1_146M	chr1	146103273	148103790	2.00	5.3	0.9627	3.589	32	10	0		1q21.1 TAR/microdel	
342	NAHR_00220_chr1_145M	chr1	145405387	146066486	0.66	72.2	0.9849	4.785	29	5	0		1q21.1 TAR/microdel	
343	NAHR_01752_chr2_108M	chr2	108687692	109894243	1.21	34.5	0.9861	4.474	12	6	0			RANBP2=HP:0002181:Cerebral edema;EDAR=HP:0000232:Everted lower lip vermilion
344	NAHR_00183_chr1_144M	chr1	144457962	146942133	2.48	23.0	0.9652	4.210	51	7	0		1q21.1 TAR/microdel	
345	NAHR_00729_chr15_22M	chr15	22482362	23311344	0.83	61.7	0.9847	4.717	16	5	0		15q11-q13 PWS/AS	
346	NAHR_00343_chr1_147M	chr1	147025010	148088430	1.06	10.0	0.9812	3.926	19	8	0		1q21.1 TAR/microdel	
347	NAHR_02909_chrY_24M	chrY	24124586	25545548	1.42	765.8	0.9998	5.883	12	2	0		Yq AZF	
348	NAHR_00177_chr1_144M	chr1	144440116	146972672	2.53	16.8	0.9767	4.127	51	7	0		1q21.1 TAR/microdel	
349	NAHR_01794_chr2_130M	chr2	130121625	130610420	0.49	60.7	0.9767	4.672	20	5	0			SMPD4=HP:0000193:Bifid uvula
350	NAHR_01923_chr22_15M	chr22	15405645	16079322	0.67	176.6	0.9515	4.992	10	4	0			
351	NAHR_02912_chrY_24M	chrY	24775999	24894109	0.12	647.5	0.9997	5.809	2	2	0		Yq AZF	DAZ3=HP:0000028:Cryptorchidism;DAZ4=HP:0000028:Cryptorchidism
352	NAHR_02896_chrY_22M	chrY	22722163	23474026	0.75	228.8	0.9990	5.354	5	3	0		Yq AZF	BPY2=HP:0011462:Young adult onset;DAZ1=HP:0000028:Cryptorchidism;DAZ2=HP:0000028:Cryptorchidism
353	NAHR_00705_chr15_20M	chr15	20642147	22358242	1.72	213.2	0.9970	5.313	34	3	0			
354	NAHR_02415_chr7_75M	chr7	75356046	77011520	1.66	47.0	0.9835	4.595	34	5	0			
355	NAHR_00648_chr13_19M	chr13	19561965	21259623	1.70	15.9	0.9642	4.051	30	7	0			
356	NAHR_02874_chrY_21M	chrY	21553627	22398245	0.84	23.9	0.9829	4.303	10	6	0		Yq AZF	PRY2=HP:0011462:Young adult onset
357	NAHR_02322_chr7_32M	chr7	32681318	34951437	2.27	64.3	0.9530	4.582	23	5	0			
358	NAHR_00569_chr10_48M	chr10	48047451	49972840	1.93	48.8	0.9727	4.560	34	5	0			
359	NAHR_00560_chr10_47M	chr10	47539335	49972843	2.43	48.8	0.9719	4.557	43	5	0			
360	NAHR_00205_chr1_145M	chr1	145262593	146328663	1.07	37.8	0.9907	4.535	34	5	0		1q21.1 TAR/microdel	
361	NAHR_02329_chr7_32M	chr7	32863446	34903935	2.04	49.8	0.9622	4.520	15	5	0			NT5C3A=HP:6000240:Reduced circulating pyrimidine 5-prime-nucleotidase activity;RP9=HP:0030610:Photoreceptor outer segment loss on macular OCT
362	NAHR_00238_chr1_145M	chr1	145405387	146972670	1.57	21.8	0.9723	4.218	39	6	0		1q21.1 TAR/microdel	
363	NAHR_00799_chr15_28M	chr15	28717453	30077907	1.36	19.7	0.9810	4.212	22	6	0			
364	NAHR_00244_chr1_145M	chr1	145421913	146942133	1.52	22.3	0.9664	4.203	39	6	0		1q21.1 TAR/microdel	
365	NAHR_02898_chrY_23M	chrY	23142275	24380449	1.24	395.6	0.9995	5.594	7	2	0		Yq AZF	DAZ1=HP:0000028:Cryptorchidism;DAZ2=HP:0000028:Cryptorchidism
366	NAHR_01400_chr17_18M	chr17	18625928	20883174	2.26	13.6	0.9544	3.945	79	7	0		17p11.2 Smith-Magenis/PTLS	
367	NAHR_00803_chr15_28M	chr15	28752327	30463276	1.71	22.1	0.9645	4.191	30	6	0			
368	NAHR_02171_chr5_0M	chr5	259212	1569857	1.31	23.8	0.9565	4.187	45	6	0			
369	NAHR_00173_chr1_144M	chr1	144440116	146121595	1.68	16.9	0.9844	4.163	41	6	0		1q21.1 TAR/microdel	
370	NAHR_02422_chr7_75M	chr7	75515140	76521580	1.01	31.7	0.9861	4.438	21	5	0			
371	NAHR_02406_chr7_74M	chr7	74920464	77011520	2.09	26.5	0.9935	4.394	43	5	0			
372	NAHR_00257_chr1_145M	chr1	145591175	146972670	1.38	16.9	0.9731	4.113	37	6	0		1q21.1 TAR/microdel	
373	NAHR_01122_chr16_28M	chr16	28363510	28637651	0.27	25.4	0.9893	4.359	17	5	0			
374	NAHR_01096_chr16_21M	chr16	21500740	21828039	0.33	104.5	0.9973	5.005	10	3	0			
375	NAHR_00544_chr10_46M	chr10	46840017	47500009	0.66	279.5	0.9931	5.409	10	2	0			GDF2=HP:0011025:Abnormal cardiovascular system physiology
376	NAHR_02873_chrY_21M	chrY	21529759	22164569	0.63	23.6	0.9869	4.315	8	5	0		Yq AZF	RBMY1A1=HP:0000028:Cryptorchidism
377	NAHR_02877_chrY_21M	chrY	21899632	22398245	0.50	23.9	0.9828	4.303	7	5	0		Yq AZF	PRY2=HP:0011462:Young adult onset
378	NAHR_01905_chr22_10M	chr22	10874572	15864063	4.99	39.9	0.9987	4.595	13	4	0			
379	NAHR_01559_chr17_46M	chr17	46564311	47013620	0.45	53.0	0.9722	4.593	12	4	0			NSF=HP:0001522:Death in infancy;WNT3=HP:0000003:Multicystic kidney dysplasia;WNT9B=HP:0001563:Fetal polyuria
380	NAHR_01554_chr17_46M	chr17	46346376	47014106	0.67	52.3	0.9725	4.589	15	4	0			NSF=HP:0001522:Death in infancy
381	NAHR_02067_chr22_22M	chr22	22641922	23306925	0.67	14.2	0.9659	4.010	12	6	0			
382	NAHR_00210_chr1_145M	chr1	145301773	146984320	1.68	12.3	0.9716	3.973	39	6	0		1q21.1 TAR/microdel	
383	NAHR_02337_chr7_51M	chr7	51410752	56374844	4.96	21.8	0.9729	4.221	41	5	0			
384	NAHR_02423_chr7_75M	chr7	75515341	77039391	1.52	23.2	0.9665	4.218	29	5	0			
385	NAHR_01750_chr2_108M	chr2	108601811	109888416	1.29	5.9	0.9776	3.690	14	7	0			RANBP2=HP:0002181:Cerebral edema;EDAR=HP:0000232:Everted lower lip vermilion
386	NAHR_02855_chrY_6M	chrY	6532742	9628424	3.10	172.5	0.9965	5.218	27	2	0			TBL1Y=HP:0000407:Sensorineural hearing impairment
387	NAHR_00250_chr1_145M	chr1	145579459	146053738	0.47	22.1	0.9578	4.161	26	5	0		1q21.1 TAR/microdel	
388	NAHR_00877_chr15_75M	chr15	75717575	77875459	2.16	19.2	0.9693	4.152	31	5	0			
389	NAHR_00234_chr1_145M	chr1	145379489	146984320	1.60	10.1	0.9683	3.878	39	6	0		1q21.1 TAR/microdel	
390	NAHR_00214_chr1_145M	chr1	145327163	146984320	1.66	10.1	0.9678	3.877	39	6	0		1q21.1 TAR/microdel	
391	NAHR_00222_chr1_145M	chr1	145346194	146984320	1.64	10.1	0.9677	3.876	39	6	0		1q21.1 TAR/microdel	
392	NAHR_02193_chr5_69M	chr5	69785184	71215589	1.43	149.2	0.9967	5.157	12	2	0			SMN2=HP:0025708:Early young adult onset
393	NAHR_01610_chr19_50M	chr19	50090966	50608569	0.52	15.7	0.9805	4.114	22	5	0			MYH14=HP:0001369:Arthritis;KCNC3=HP:0001270:Motor delay
394	NAHR_00267_chr1_145M	chr1	145591175	146121763	0.53	16.8	0.9720	4.107	27	5	0		1q21.1 TAR/microdel	
395	NAHR_02870_chrY_21M	chrY	21506219	22164569	0.66	13.4	0.9883	4.080	9	5	0		Yq AZF	RBMY1A1=HP:0000028:Cryptorchidism
396	NAHR_00556_chr10_46M	chr10	46991847	48060016	1.07	121.6	0.9965	5.067	21	2	0			GDF2=HP:0011025:Abnormal cardiovascular system physiology;RBP3=HP:0030610:Photoreceptor outer segment loss on macular OCT
397	NAHR_00543_chr10_46M	chr10	46514258	47870368	1.36	118.3	0.9965	5.055	26	2	0			
398	NAHR_02879_chrY_21M	chrY	21923173	22398245	0.48	23.6	0.9867	4.314	6	4	0		Yq AZF	PRY2=HP:0011462:Young adult onset
399	NAHR_02198_chr5_69M	chr5	69899539	71233608	1.33	110.8	0.9965	5.027	12	2	0			SMN2=HP:0025708:Early young adult onset
400	NAHR_02875_chrY_21M	chrY	21553627	22164256	0.61	23.9	0.9828	4.303	7	4	0		Yq AZF	PRY2=HP:0011462:Young adult onset
401	NAHR_02883_chrY_22M	chrY	22208735	22377682	0.17	283.8	0.9995	5.450	2	1	0		Yq AZF	
402	NAHR_00182_chr1_144M	chr1	144440116	146966385	2.53	5.1	0.9510	3.524	51	7	0		1q21.1 TAR/microdel	
403	NAHR_02321_chr7_30M	chr7	30299503	32727949	2.43	14.9	0.9551	3.986	30	5	0			
404	NAHR_02208_chr5_70M	chr5	70364997	71093998	0.73	274.9	0.9972	5.424	9	1	0			SMN1=HP:0025708:Early young adult onset
405	NAHR_01736_chr2_106M	chr2	106466350	108719736	2.25	49.3	0.9767	4.584	28	3	0			
406	NAHR_01741_chr2_107M	chr2	107876304	108719736	0.84	49.4	0.9762	4.582	13	3	0			SLC5A7=HP:0003324:Generalized muscle weakness
407	NAHR_02906_chrY_23M	chrY	23359290	24882185	1.52	92.8	0.9991	4.963	10	2	0		Yq AZF	
408	NAHR_00133_chr1_120M	chr1	120087982	120705587	0.62	96.0	0.9954	4.959	6	2	0			NOTCH2=HP:0000704:Periodontitis
409	NAHR_02196_chr5_69M	chr5	69899539	70529649	0.63	245.9	0.9970	5.374	6	1	0			SMN2=HP:0025708:Early young adult onset
410	NAHR_00805_chr15_28M	chr15	28781150	30485522	1.70	7.6	0.9516	3.692	30	6	0			
411	NAHR_02899_chrY_23M	chrY	23144660	23276049	0.13	83.2	0.9998	4.919	2	2	0		Yq AZF	DAZ1=HP:0000028:Cryptorchidism;DAZ2=HP:0000028:Cryptorchidism
412	NAHR_02204_chr5_69M	chr5	69988504	71129921	1.14	86.4	0.9962	4.918	12	2	0			SMN2=HP:0025708:Early young adult onset
413	NAHR_02343_chr7_55M	chr7	55763036	56372241	0.61	21.4	0.9686	4.195	12	4	0			
414	NAHR_02158_chr4_118M	chr4	118637578	119403071	0.77	37.3	0.9856	4.506	9	3	0			SEC24D=HP:0000684:Delayed eruption of teeth;MYOZ2=HP:0012664:Reduced left ventricular ejection fraction
415	NAHR_02187_chr5_69M	chr5	69612650	71015224	1.40	78.8	0.9967	4.880	12	2	0			SMN2=HP:0025708:Early young adult onset
416	NAHR_00722_chr15_21M	chr15	21778502	22004753	0.23	212.7	0.9980	5.317	4	1	0			
417	NAHR_02044_chr22_21M	chr22	21210914	22644962	1.43	10.2	0.9709	3.891	42	5	0		22q11.2 DiGeorge/VCFS	
418	NAHR_01379_chr17_15M	chr17	15820029	16882904	1.06	11.1	0.9580	3.875	37	5	0		17p11.2 Smith-Magenis/PTLS	ZSWIM7=HP:0008684:Aplasia/hypoplasia of the uterus;TTC19=HP:0001251:Ataxia
419	NAHR_01048_chr16_16M	chr16	16571302	18141220	1.57	203.4	0.9934	5.273	11	1	0			XYLT1=HP:0001840:Metatarsus adductus
420	NAHR_01628_chr2_87M	chr2	87394368	90256399	2.86	30.0	0.9917	4.440	27	3	0			
421	NAHR_00276_chr1_145M	chr1	145591660	146959550	1.37	5.6	0.9605	3.603	37	6	0		1q21.1 TAR/microdel	
422	NAHR_02289_chr5_177M	chr5	177956262	179511507	1.56	10.4	0.9567	3.841	35	5	0		5q35 Sotos	PROP1=HP:0011800:Midface retrusion
423	NAHR_00169_chr1_144M	chr1	144428470	146112151	1.68	5.3	0.9666	3.598	41	6	0		1q21.1 TAR/microdel	
424	NAHR_00538_chr10_46M	chr10	46400000	47459295	1.06	68.0	0.9922	4.795	20	2	0			
425	NAHR_00277_chr1_145M	chr1	145595326	146139728	0.54	9.4	0.9658	3.835	27	5	0		1q21.1 TAR/microdel	
426	NAHR_00409_chr1_148M	chr1	148935345	149194882	0.26	171.6	0.9978	5.223	8	1	0			
427	NAHR_02194_chr5_69M	chr5	69799500	70215225	0.42	164.0	0.9977	5.203	3	1	0			SMN2=HP:0025708:Early young adult onset
428	NAHR_00383_chr1_148M	chr1	148503773	149563348	1.06	63.4	0.9926	4.766	17	2	0			
429	NAHR_01625_chr2_87M	chr2	87361764	90229646	2.87	28.3	0.9881	4.399	27	3	0			
430	NAHR_02091_chr22_24M	chr22	24264717	24646050	0.38	14.1	0.9836	4.082	15	4	0			SPECC1L=HP:0011675:Arrhythmia;ADORA2A=HP:0031475:Status epilepticus without prominent motor symptoms
431	NAHR_02781_chrX_72M	chrX	72800000	72920822	0.12	67.5	0.9832	4.748	4	2	0			
432	NAHR_00245_chr1_145M	chr1	145430979	146466220	1.04	8.6	0.9635	3.792	33	5	0		1q21.1 TAR/microdel	
433	NAHR_02030_chr22_21M	chr22	21129043	22631374	1.50	14.0	0.9795	4.060	43	4	0		22q11.2 DiGeorge/VCFS	
434	NAHR_02049_chr22_21M	chr22	21295541	22631374	1.34	13.9	0.9796	4.060	39	4	0		22q11.2 DiGeorge/VCFS	
435	NAHR_00249_chr1_145M	chr1	145520644	147019602	1.50	5.4	0.9510	3.550	38	6	0		1q21.1 TAR/microdel	
436	NAHR_00112_chr1_25M	chr1	25329028	25362422	0.03	62.0	0.9807	4.700	4	2	0			RHD=HP:0002789:Tachypnea;RHCE=HP:0002789:Tachypnea
437	NAHR_00134_chr1_120M	chr1	120323081	120575596	0.25	130.2	0.9972	5.100	4	1	0			
438	NAHR_02233_chr5_70M	chr5	70640780	71215589	0.57	129.3	0.9971	5.097	6	1	0			SMN1=HP:0025708:Early young adult onset
439	NAHR_02787_chrX_103M	chrX	103989434	104049428	0.06	67.8	0.9652	4.663	2	2	0			
440	NAHR_02878_chrY_21M	chrY	21899632	22164256	0.26	23.9	0.9827	4.303	4	3	0		Yq AZF	PRY2=HP:0011462:Young adult onset
441	NAHR_00547_chr10_46M	chr10	46840013	48008113	1.17	53.6	0.9852	4.659	19	2	0			GDF2=HP:0011025:Abnormal cardiovascular system physiology
442	NAHR_01054_chr16_16M	chr16	16762938	18596291	1.83	125.5	0.9958	5.077	27	1	0			XYLT1=HP:0001840:Metatarsus adductus
443	NAHR_00407_chr1_148M	chr1	148705497	149366550	0.66	114.6	0.9941	5.029	11	1	0			
444	NAHR_01573_chr18_10M	chr18	10599606	11916166	1.32	7.1	0.9565	3.682	28	5	0			PIEZO2=HP:0002334:Abnormal cerebellar vermis morphology
445	NAHR_00154_chr1_144M	chr1	144045052	145022889	0.98	106.2	0.9973	5.012	11	1	0			
446	NAHR_01575_chr18_10M	chr18	10915778	12076953	1.16	6.4	0.9652	3.672	24	5	0			PIEZO2=HP:0002334:Abnormal cerebellar vermis morphology
447	NAHR_01033_chr16_16M	chr16	16308262	18486486	2.18	109.8	0.9934	5.007	32	1	0			
448	NAHR_00537_chr10_46M	chr10	46375372	47993513	1.62	42.6	0.9909	4.588	33	2	0			
449	NAHR_00517_chr10_45M	chr10	45863285	47992046	2.13	53.1	0.9697	4.582	41	2	0			
450	NAHR_00518_chr10_45M	chr10	45863282	47484279	1.62	52.9	0.9694	4.579	31	2	0			
451	NAHR_02188_chr5_69M	chr5	69654337	70409765	0.76	99.6	0.9970	4.983	4	1	0			SMN2=HP:0025708:Early young adult onset
452	NAHR_00393_chr1_148M	chr1	148577847	149506540	0.93	45.5	0.9804	4.567	16	2	0			
453	NAHR_02126_chr3_123M	chr3	123981890	125970652	1.99	25.3	0.9556	4.208	28	3	0			
454	NAHR_00975_chr16_11M	chr16	11943679	14935816	2.99	18.8	0.9805	4.191	52	3	0			
455	NAHR_00660_chr13_52M	chr13	52310301	52502257	0.19	97.5	0.9899	4.939	8	1	0			THSD1=HP:0025671:Fetal pericardial effusion
456	NAHR_00973_chr16_11M	chr16	11943679	15361096	3.42	18.9	0.9764	4.175	62	3	0			
457	NAHR_00977_chr16_11M	chr16	11943679	14710071	2.77	18.5	0.9783	4.175	39	3	0			
458	NAHR_01032_chr16_11M	chr16	11943679	15361096	3.42	18.9	0.9764	4.175	62	3	0			
459	NAHR_02206_chr5_69M	chr5	69988504	70129602	0.14	86.4	0.9970	4.922	3	1	0			SMN2=HP:0025708:Early young adult onset
460	NAHR_00355_chr1_148M	chr1	148144845	149058694	0.91	41.2	0.9748	4.499	20	2	0		1q21.1 TAR/microdel	
461	NAHR_02125_chr3_123M	chr3	123722435	125681150	1.96	5.5	0.9614	3.594	21	5	0			MYLK=HP:0000003:Multicystic kidney dysplasia
462	NAHR_00359_chr1_148M	chr1	148120790	149475817	1.36	17.0	0.9698	4.104	27	3	0		1q21.1 TAR/microdel	
463	NAHR_00974_chr16_11M	chr16	11940753	15101779	3.16	16.0	0.9759	4.102	58	3	0			
464	NAHR_01627_chr2_87M	chr2	87361750	91558880	4.20	13.0	0.9936	4.087	28	3	0			
465	NAHR_00160_chr1_144M	chr1	144428470	145222077	0.79	73.5	0.9912	4.823	9	1	0			
466	NAHR_00750_chr15_24M	chr15	24134088	24419947	0.29	42.1	0.9545	4.414	4	2	0		15q11-q13 PWS/AS	PWRN1=HP:0001623:Breech presentation
467	NAHR_00809_chr15_30M	chr15	30149102	30546955	0.40	71.2	0.9905	4.806	10	1	0			
468	NAHR_00506_chr10_45M	chr10	45705380	48005032	2.30	29.1	0.9782	4.367	46	2	0			
469	NAHR_00507_chr10_45M	chr10	45705380	47496953	1.79	29.1	0.9772	4.362	37	2	0			
470	NAHR_01137_chr16_28M	chr16	28697135	28751784	0.05	59.5	0.9957	4.754	2	1	0			
471	NAHR_00153_chr1_143M	chr1	143831884	145129135	1.30	59.1	0.9959	4.752	17	1	0			
472	NAHR_00135_chr1_120M	chr1	120347619	120907518	0.56	24.5	0.9920	4.354	7	2	0			
473	NAHR_01970_chr22_18M	chr22	18639943	19023255	0.38	12.2	0.9794	4.004	11	3	0		22q11.2 DiGeorge/VCFS	
474	NAHR_00528_chr10_46M	chr10	46133416	48008113	1.87	25.0	0.9825	4.321	36	2	0			
475	NAHR_00529_chr10_46M	chr10	46133420	47500009	1.37	25.0	0.9818	4.318	27	2	0			
476	NAHR_02880_chrY_21M	chrY	21923173	22164569	0.24	23.6	0.9867	4.314	3	2	0		Yq AZF	PRY2=HP:0011462:Young adult onset
477	NAHR_02853_chrY_6M	chrY	6269275	9501346	3.23	29.4	0.9623	4.300	30	2	0			
478	NAHR_00861_chr15_44M	chr15	44842217	45058580	0.22	24.7	0.9786	4.299	4	2	0			TERB2=HP:0031038:Spermatogenesis maturation arrest;SORD=HP:0009053:Distal lower limb muscle weakness
479	NAHR_01436_chr17_21M	chr17	21659781	22042061	0.38	57.7	0.9795	4.664	1	1	0			KCNJ18=HP:0002203:Respiratory paralysis
480	NAHR_02807_chrX_135M	chrX	135169738	135201730	0.03	54.1	0.9807	4.642	1	1	0			CT55=HP:0011961:Non-obstructive azoospermia
481	NAHR_01629_chr2_87M	chr2	87376065	91989152	4.61	11.6	0.9629	3.913	33	3	0			
482	NAHR_01704_chr2_95M	chr2	95800190	96024404	0.22	48.9	0.9826	4.608	4	1	0			
483	NAHR_00764_chr15_24M	chr15	24344133	24496953	0.15	57.1	0.9671	4.600	1	1	0		15q11-q13 PWS/AS	PWRN1=HP:0001623:Breech presentation
484	NAHR_00589_chr10_50M	chr10	50200897	50741163	0.54	44.1	0.9895	4.595	8	1	0			
485	NAHR_00382_chr1_148M	chr1	148436924	149654499	1.22	22.9	0.9647	4.206	21	2	0		1q21.1 TAR/microdel	
486	NAHR_01432_chr17_21M	chr17	21351656	21736308	0.38	47.2	0.9807	4.583	9	1	0			
487	NAHR_00808_chr15_30M	chr15	30119484	30377806	0.26	41.5	0.9893	4.569	6	1	0			
488	NAHR_00193_chr1_144M	chr1	144610021	145222077	0.61	39.0	0.9929	4.559	6	1	0			
489	NAHR_00176_chr1_144M	chr1	144468006	145388415	0.92	43.7	0.9811	4.553	12	1	0			
490	NAHR_01714_chr2_97M	chr2	97081041	97366654	0.29	41.3	0.9858	4.551	4	1	0			
491	NAHR_02286_chr5_177M	chr5	177785839	178003953	0.22	39.5	0.9887	4.545	7	1	0		5q35 Sotos	
492	NAHR_00785_chr15_28M	chr15	28240250	28631109	0.39	46.6	0.9731	4.543	8	1	0			HERC2=HP:0001623:Breech presentation
493	NAHR_00485_chr1_161M	chr1	161518343	161591131	0.07	8.7	0.9738	3.836	8	3	0			FCGR2A=HP:0001369:Arthritis;FCGR3A=HP:0000403:Recurrent otitis media
494	NAHR_01617_chr2_86M	chr2	86743083	87053643	0.31	34.2	0.9957	4.515	7	1	0			CD8A=HP:0002110:Bronchiectasis
495	NAHR_02203_chr5_69M	chr5	69916327	71220209	1.30	14.2	0.9950	4.132	12	2	0			SMN2=HP:0025708:Early young adult onset
496	NAHR_01451_chr17_30M	chr17	30616027	31008336	0.39	18.4	0.9685	4.130	21	2	0		17q11.2 NF1	
497	NAHR_00488_chr1_196M	chr1	196827189	196911496	0.08	40.0	0.9748	4.486	2	1	0			CFHR1=HP:0001937:Microangiopathic hemolytic anemia
498	NAHR_00704_chr15_20M	chr15	20428912	22301946	1.87	6.3	0.9967	3.786	36	3	0			
499	NAHR_02220_chr5_70M	chr5	70409767	71281485	0.87	30.5	0.9977	4.474	9	1	0			SMN1=HP:0025708:Early young adult onset
500	NAHR_02836_chrX_149M	chrX	149602236	149767137	0.16	29.1	0.9991	4.460	2	1	0			TMEM185A=HP:0000118:Phenotypic abnormality
501	NAHR_00352_chr1_148M	chr1	148109148	149549272	1.44	7.5	0.9735	3.773	27	3	0		1q21.1 TAR/microdel	
502	NAHR_01626_chr2_87M	chr2	87340234	88977262	1.64	6.9	0.9813	3.765	27	3	0			
503	NAHR_02164_chr4_143M	chr4	143917612	144115806	0.20	37.6	0.9721	4.448	5	1	0			
504	NAHR_01426_chr17_20M	chr17	20874451	22534649	1.66	42.6	0.9605	4.447	29	1	0			
505	NAHR_00592_chr10_79M	chr10	79680196	79794279	0.11	32.1	0.9852	4.440	2	1	0			NUTM2B-AS1=HP:0001251:Ataxia
506	NAHR_00349_chr1_148M	chr1	148098457	149019851	0.92	16.7	0.9635	4.068	18	2	0		1q21.1 TAR/microdel	
507	NAHR_00832_chr15_30M	chr15	30599953	30642954	0.04	18.9	0.9504	4.065	7	2	0			
508	NAHR_01717_chr2_97M	chr2	97145716	97557810	0.41	40.2	0.9626	4.432	6	1	0			
509	NAHR_02779_chrX_55M	chrX	55480141	55493063	0.01	26.6	0.9997	4.424	2	1	0			
510	NAHR_01802_chr2_131M	chr2	131217260	131534742	0.32	16.6	0.9560	4.035	13	2	0			
511	NAHR_00385_chr1_148M	chr1	148465535	149170310	0.70	24.6	0.9931	4.360	11	1	0		1q21.1 TAR/microdel	
512	NAHR_00403_chr1_148M	chr1	148596317	149055777	0.46	27.0	0.9838	4.360	9	1	0			
513	NAHR_00445_chr1_149M	chr1	149194881	149601612	0.41	24.6	0.9927	4.358	7	1	0			NOTCH2NLC=HP:0002572:Episodic vomiting
514	NAHR_00643_chr12_63M	chr12	63557839	63725468	0.17	27.6	0.9774	4.341	3	1	0			DPY19L2=HP:0012205:Globozoospermia
515	NAHR_01435_chr17_21M	chr17	21602809	22270077	0.67	29.9	0.9660	4.324	5	1	0			KCNJ18=HP:0002203:Respiratory paralysis
516	NAHR_00301_chr1_146M	chr1	146144884	146966383	0.82	28.1	0.9707	4.318	11	1	0		1q21.1 TAR/microdel	
517	NAHR_00756_chr15_24M	chr15	24190146	24545495	0.36	32.7	0.9521	4.299	3	1	0		15q11-q13 PWS/AS	PWRN1=HP:0001623:Breech presentation
518	NAHR_01742_chr2_107M	chr2	107901691	108493300	0.59	25.3	0.9762	4.299	8	1	0			SLC5A7=HP:0003324:Generalized muscle weakness
519	NAHR_02201_chr5_69M	chr5	69916327	70494951	0.58	21.3	0.9927	4.297	6	1	0			SMN2=HP:0025708:Early young adult onset
520	NAHR_01735_chr2_106M	chr2	106419657	108493300	2.07	25.3	0.9752	4.294	24	1	0			
521	NAHR_00635_chr12_33M	chr12	33962436	38207325	4.24	31.6	0.9524	4.286	6	1	0			
522	NAHR_02297_chr6_32M	chr6	32000000	32013269	0.01	19.5	0.9990	4.285	3	1	0			C4A=HP:0002315:Headache
523	NAHR_00356_chr1_148M	chr1	148127596	148572212	0.44	24.1	0.9756	4.275	12	1	0		1q21.1 TAR/microdel	
524	NAHR_00654_chr13_24M	chr13	24604470	24945032	0.34	24.8	0.9727	4.275	6	1	0			
525	NAHR_00283_chr1_146M	chr1	146076572	146984320	0.91	22.8	0.9796	4.269	11	1	0		1q21.1 TAR/microdel	
526	NAHR_00749_chr15_24M	chr15	24103882	24467194	0.36	11.8	0.9570	3.898	4	2	0		15q11-q13 PWS/AS	PWRN1=HP:0001623:Breech presentation
527	NAHR_00497_chr10_14M	chr10	14944568	15015360	0.07	11.6	0.9548	3.882	2	2	0			DCLRE1C=HP:0007549:Desquamation of skin soon after birth
528	NAHR_00165_chr1_144M	chr1	144440599	145571914	1.13	19.7	0.9736	4.181	14	1	0			
529	NAHR_02200_chr5_69M	chr5	69899539	70233273	0.33	14.9	0.9925	4.143	3	1	0			SMN2=HP:0025708:Early young adult onset
530	NAHR_00247_chr1_145M	chr1	145505906	145809382	0.30	14.4	0.9940	4.135	5	1	0			
531	NAHR_02195_chr5_69M	chr5	69654337	70777181	1.12	14.2	0.9956	4.134	7	1	0			SMN2=HP:0025708:Early young adult onset
532	NAHR_02205_chr5_69M	chr5	69916327	70219845	0.30	14.2	0.9951	4.133	3	1	0			SMN2=HP:0025708:Early young adult onset
533	NAHR_00847_chr15_32M	chr15	32405011	32591749	0.19	15.8	0.9824	4.124	7	1	0			
534	NAHR_02379_chr7_72M	chr7	72996299	73398750	0.40	18.1	0.9676	4.119	12	1	0		7q11.23 Williams-Beuren	
535	NAHR_02336_chr7_51M	chr7	51407397	55744164	4.34	18.8	0.9632	4.116	29	1	0			
536	NAHR_02191_chr5_69M	chr5	69629572	70116630	0.49	12.8	0.9968	4.095	4	1	0			SMN2=HP:0025708:Early young adult onset
537	NAHR_01427_chr17_20M	chr17	20881669	22086140	1.20	17.8	0.9612	4.086	21	1	0			
538	NAHR_02338_chr7_51M	chr7	51425347	55601356	4.18	14.6	0.9780	4.073	28	1	0			
539	NAHR_00601_chr10_133M	chr10	133436429	133567484	0.13	13.4	0.9848	4.065	6	1	0			SYCE1=HP:0031038:Spermatogenesis maturation arrest
540	NAHR_01389_chr17_16M	chr17	16873390	17001982	0.13	15.5	0.9665	4.049	4	1	0		17p11.2 Smith-Magenis/PTLS	TNFRSF13B=HP:0000403:Recurrent otitis media
541	NAHR_01369_chr17_14M	chr17	14030804	14230542	0.20	10.8	0.9904	3.996	2	1	0			COX10=HP:0001251:Ataxia
542	NAHR_02317_chr7_29M	chr7	29685821	30284729	0.60	14.9	0.9564	3.991	13	1	0			FKBP14=HP:0001561:Polyhydramnios
543	NAHR_02197_chr5_69M	chr5	69711990	70400000	0.69	9.8	0.9953	3.971	3	1	0			SMN2=HP:0025708:Early young adult onset
544	NAHR_01811_chr2_151M	chr2	151588515	151600000	0.01	9.6	0.9929	3.955	1	1	0			NEB=HP:0003324:Generalized muscle weakness
545	NAHR_02768_chrX_52M	chrX	52461976	52798474	0.34	10.4	0.9775	3.927	7	1	0			SSX2=HP:0012570:Synovial sarcoma
546	NAHR_01579_chr18_46M	chr18	46969912	47021632	0.05	7.8	0.9973	3.881	1	1	0			
547	NAHR_00293_chr1_146M	chr1	146103273	146984320	0.88	10.1	0.9690	3.880	11	1	0		1q21.1 TAR/microdel	
548	NAHR_01893_chr21_8M	chr21	8594687	10616953	2.02	10.5	0.9585	3.854	17	1	0			
549	NAHR_00378_chr1_148M	chr1	148348209	149115000	0.77	10.6	0.9541	3.841	14	1	0		1q21.1 TAR/microdel	
550	NAHR_00391_chr1_148M	chr1	148541603	149053603	0.51	10.7	0.9535	3.841	9	1	0			
551	NAHR_02856_chrY_7M	chrY	7578460	11856619	4.28	6.9	0.9891	3.797	32	1	0			
552	NAHR_00189_chr1_144M	chr1	144572458	145282944	0.71	6.5	0.9905	3.779	9	1	0			
553	NAHR_02455_chr7_112M	chr7	112981808	113492826	0.51	6.5	0.9885	3.768	6	1	0			
554	NAHR_02119_chr22_42M	chr22	42489336	42529035	0.04	8.7	0.9508	3.745	2	1	0			RRP7A=HP:0001249:Intellectual disability
555	NAHR_00638_chr12_34M	chr12	34096349	38459292	4.36	7.0	0.9554	3.671	4	1	0			ALG10B=HP:0001663:Ventricular fibrillation
556	NAHR_00371_chr1_148M	chr1	148109148	148559890	0.45	5.3	0.9648	3.594	12	1	0		1q21.1 TAR/microdel	
