organism	tier	region_class	bwa-mem2	llmap	minimap2	winnowmap
arabidopsis	tier1	SD	NaN	1.0	1.0	NaN
arabidopsis	tier1	all	NaN	0.9994997498749374	1.0	NaN
arabidopsis	tier1	centromere	NaN	1.0	1.0	NaN
arabidopsis	tier1	low_complexity	NaN	1.0	1.0	NaN
arabidopsis	tier1	telomere	NaN	1.0	1.0	NaN
arabidopsis	tier1	unique	NaN	0.9988358556461001	1.0	NaN
arabidopsis	tier10	SD	NaN	1.0	1.0	NaN
arabidopsis	tier10	SV_DEL	NaN	0.9985283296541575	1.0	NaN
arabidopsis	tier10	SV_DUP	NaN	0.9996196272346899	1.0	NaN
arabidopsis	tier10	SV_INV	NaN	0.9964412811387899	1.0	NaN
arabidopsis	tier10	all	NaN	0.9992995096567597	1.0	NaN
arabidopsis	tier10	centromere	NaN	1.0	1.0	NaN
arabidopsis	tier10	low_complexity	NaN	1.0	1.0	NaN
arabidopsis	tier10	telomere	NaN	1.0	1.0	NaN
arabidopsis	tier10	unique	NaN	1.0	1.0	NaN
arabidopsis	tier2	SD	NaN	1.0	1.0	NaN
arabidopsis	tier2	all	NaN	1.0	1.0	NaN
arabidopsis	tier2	centromere	NaN	1.0	1.0	NaN
arabidopsis	tier2	low_complexity	NaN	1.0	1.0	NaN
arabidopsis	tier2	telomere	NaN	1.0	1.0	NaN
arabidopsis	tier2	unique	NaN	1.0	1.0	NaN
arabidopsis	tier5	SD	NaN	1.0	1.0	NaN
arabidopsis	tier5	all	NaN	1.0	1.0	NaN
arabidopsis	tier5	centromere	NaN	1.0	1.0	NaN
arabidopsis	tier5	low_complexity	NaN	1.0	1.0	NaN
arabidopsis	tier5	telomere	NaN	1.0	1.0	NaN
arabidopsis	tier6	SD	NaN	0.8593574897273067	1.0	NaN
arabidopsis	tier6	SV_DEL	NaN	0.9108333333333333	1.0	NaN
arabidopsis	tier6	SV_DUP	NaN	0.904	1.0	NaN
arabidopsis	tier6	SV_INV	NaN	0.7355140186915888	1.0	NaN
arabidopsis	tier6	all	NaN	0.8570122299691394	1.0	NaN
bacteria	tier1	all	NaN	1.0	1.0	NaN
bacteria	tier1	low_complexity	NaN	1.0	1.0	NaN
bacteria	tier1	unique	NaN	1.0	1.0	NaN
bacteria	tier10	SV_DEL	NaN	0.9970631424375919	1.0	NaN
bacteria	tier10	SV_DUP	NaN	0.9992406985573272	1.0	NaN
bacteria	tier10	SV_INV	NaN	0.9932312076950481	1.0	NaN
bacteria	tier10	all	NaN	0.99849774661993	1.0	NaN
bacteria	tier10	low_complexity	NaN	1.0	1.0	NaN
bacteria	tier10	unique	NaN	0.9999025246125353	1.0	NaN
bacteria	tier2	all	NaN	1.0	1.0	NaN
bacteria	tier2	low_complexity	NaN	1.0	1.0	NaN
bacteria	tier2	unique	NaN	1.0	1.0	NaN
bacteria	tier5	all	NaN	0.999949997499875	1.0	NaN
bacteria	tier5	low_complexity	NaN	0.999949997499875	1.0	NaN
bacteria	tier6	SV_DEL	NaN	0.9978165938864628	1.0	NaN
bacteria	tier6	SV_DUP	NaN	0.9988776655443322	1.0	NaN
bacteria	tier6	SV_INV	NaN	0.9977011494252873	1.0	NaN
bacteria	tier6	all	NaN	0.9991993594875901	1.0	NaN
bacteria	tier6	low_complexity	NaN	1.0	1.0	NaN
bacteria	tier6	unique	NaN	0.9999055623760507	1.0	NaN
celegans	tier1	all	NaN	1.0	1.0	NaN
celegans	tier1	centromere	NaN	1.0	1.0	NaN
celegans	tier1	telomere	NaN	1.0	1.0	NaN
celegans	tier1	unique	NaN	1.0	1.0	NaN
celegans	tier10	SV_DEL	NaN	0.9984508133230054	1.0	NaN
celegans	tier10	SV_DUP	NaN	0.999260901699926	1.0	NaN
celegans	tier10	SV_INV	NaN	0.9909570459683497	1.0	NaN
celegans	tier10	all	NaN	0.99849774661993	1.0	NaN
celegans	tier10	centromere	NaN	1.0	1.0	NaN
celegans	tier10	telomere	NaN	1.0	1.0	NaN
celegans	tier10	unique	NaN	1.0	1.0	NaN
celegans	tier2	all	NaN	1.0	1.0	NaN
celegans	tier2	centromere	NaN	1.0	1.0	NaN
celegans	tier2	telomere	NaN	1.0	1.0	NaN
celegans	tier2	unique	NaN	1.0	1.0	NaN
celegans	tier5	all	NaN	1.0	1.0	NaN
celegans	tier5	centromere	NaN	1.0	1.0	NaN
celegans	tier5	telomere	NaN	1.0	1.0	NaN
celegans	tier6	SV_DEL	NaN	0.9206730769230769	1.0	NaN
celegans	tier6	SV_DUP	NaN	0.9294346978557504	1.0	NaN
celegans	tier6	SV_INV	NaN	0.714	1.0	NaN
celegans	tier6	all	NaN	0.8919053687184886	1.0	NaN
celegans	tier6	centromere	NaN	0.9081015719467955	1.0	NaN
celegans	tier6	telomere	NaN	0.9	1.0	NaN
celegans	tier6	unique	NaN	0.9119638826185101	1.0	NaN
drosophila	tier1	SD	NaN	1.0	1.0	NaN
drosophila	tier1	all	NaN	1.0	1.0	NaN
drosophila	tier1	centromere	NaN	1.0	1.0	NaN
drosophila	tier1	low_complexity	NaN	1.0	1.0	NaN
drosophila	tier1	telomere	NaN	1.0	1.0	NaN
drosophila	tier1	unique	NaN	1.0	1.0	NaN
drosophila	tier10	SD	NaN	0.8480463096960926	1.0	NaN
drosophila	tier10	SV_DEL	NaN	0.9105691056910569	1.0	NaN
drosophila	tier10	SV_DUP	NaN	0.9079054604726976	1.0	NaN
drosophila	tier10	SV_INV	NaN	0.7218259629101285	1.0	NaN
drosophila	tier10	all	NaN	0.8609829716954268	1.0	NaN
drosophila	tier10	centromere	NaN	0.8594276094276094	1.0	NaN
drosophila	tier10	low_complexity	NaN	0.8055555555555556	1.0	NaN
drosophila	tier10	telomere	NaN	0.8643533123028391	1.0	NaN
drosophila	tier10	unique	NaN	0.8710132655941292	1.0	NaN
drosophila	tier2	SD	NaN	1.0	1.0	NaN
drosophila	tier2	all	NaN	1.0	1.0	NaN
drosophila	tier2	centromere	NaN	1.0	1.0	NaN
drosophila	tier2	low_complexity	NaN	1.0	1.0	NaN
drosophila	tier2	telomere	NaN	1.0	1.0	NaN
drosophila	tier2	unique	NaN	1.0	1.0	NaN
drosophila	tier5	SD	NaN	1.0	1.0	NaN
drosophila	tier5	all	NaN	1.0	1.0	NaN
drosophila	tier5	centromere	NaN	1.0	1.0	NaN
drosophila	tier5	low_complexity	NaN	1.0	1.0	NaN
drosophila	tier5	telomere	NaN	1.0	1.0	NaN
drosophila	tier6	SD	NaN	1.0	0.19694448646195736	NaN
drosophila	tier6	SV_DEL	NaN	0.9988403556242752	0.20761245674740486	NaN
drosophila	tier6	SV_DUP	NaN	0.9996388587937883	0.2071197411003236	NaN
drosophila	tier6	SV_INV	NaN	0.9948263118994827	0.17449664429530198	NaN
drosophila	tier6	all	NaN	0.9990991892703432	0.1967360923271121	NaN
great_apes	tier1	SD	NaN	0.6917293233082707	1.0	NaN
great_apes	tier1	all	NaN	0.6996098829648895	1.0	NaN
great_apes	tier1	centromere	NaN	0.7133479212253828	1.0	NaN
great_apes	tier1	telomere	NaN	0.5294117647058824	1.0	NaN
great_apes	tier1	unique	NaN	0.680628272251309	1.0	NaN
great_apes	tier10	SD	NaN	NaN	1.0	NaN
great_apes	tier10	SV_DEL	NaN	NaN	1.0	NaN
great_apes	tier10	SV_DUP	NaN	NaN	1.0	NaN
great_apes	tier10	SV_INV	NaN	NaN	1.0	NaN
great_apes	tier10	all	NaN	NaN	1.0	NaN
great_apes	tier10	centromere	NaN	NaN	1.0	NaN
great_apes	tier10	telomere	NaN	NaN	1.0	NaN
great_apes	tier10	unique	NaN	NaN	1.0	NaN
great_apes	tier2	SD	NaN	0.757847533632287	1.0	NaN
great_apes	tier2	all	NaN	0.7365761212886923	1.0	NaN
great_apes	tier2	centromere	NaN	0.7290322580645162	1.0	NaN
great_apes	tier2	telomere	NaN	0.7407407407407407	1.0	NaN
great_apes	tier2	unique	NaN	0.7222222222222222	1.0	NaN
great_apes	tier5	SD	NaN	0.7273864110045852	1.0	NaN
great_apes	tier5	all	NaN	0.730803401446884	1.0	NaN
great_apes	tier5	centromere	NaN	0.7300567107750472	1.0	NaN
great_apes	tier5	telomere	NaN	0.7947368421052632	1.0	NaN
great_apes	tier6	SD	NaN	0.7260418870319442	1.0	NaN
great_apes	tier6	SV_DEL	NaN	0.8365601080594326	1.0	NaN
great_apes	tier6	SV_DUP	NaN	0.8608226007478188	1.0	NaN
great_apes	tier6	SV_INV	NaN	0.7617702448210922	1.0	NaN
great_apes	tier6	all	NaN	0.765889176848081	1.0	NaN
homo_sapiens	T1	all	NaN	0.4772346581391807	1.0	NaN
homo_sapiens	T2	all	NaN	0.44537815126050423	1.0	NaN
human	tier1	all	NaN	NaN	NaN	NaN
human	tier2	all	NaN	NaN	NaN	NaN
human	tier5	all	NaN	NaN	NaN	NaN
human	tier6	all	NaN	NaN	NaN	NaN
scerevisiae	tier1	all	NaN	1.0	1.0	NaN
scerevisiae	tier1	synth_stress	NaN	1.0	1.0	NaN
scerevisiae	tier1	telomere	NaN	1.0	1.0	NaN
scerevisiae	tier1	unique	NaN	1.0	1.0	NaN
synth_t1	tier1	all	NaN	0.9398356745295521	NaN	NaN
synth_t1	tier1	unique	NaN	0.9398356745295521	NaN	NaN
synthetic_stress	tier1	all	NaN	0.9979959919839679	0.9994997498749374	NaN
synthetic_stress	tier1	synth_stress	NaN	0.8571428571428571	0.8571428571428571	NaN
synthetic_stress	tier1	unique	NaN	0.9984917043740573	1.0	NaN
